t_cell_id,cancer_cell_id,unique_consec_group,start_frame,interaction_id_max_consec_frames
10086,3059,B10_10086_3059_group1,106,2
10091,2498,B10_10091_2498_group1,106,2
10220,3097,B10_10220_3097_group1,108,2
10347,2787,B10_10347_2787_group1,110,3
10772,2787,B10_10772_2787_group1,115,2
10842,3184,B10_10842_3184_group1,115,2
10908,3143,B10_10908_3143_group1,116,2
11028,2787,B10_11028_2787_group1,118,5
11130,3184,B10_11130_3184_group1,118,15
12004,3329,B10_12004_3329_group1,129,3
12447,3184,B10_12447_3184_group1,134,3
12490,3458,B10_12490_3458_group1,135,2
12900,3467,B10_12900_3467_group1,139,2
13122,3513,B10_13122_3513_group1,142,4
13241,3467,B10_13241_3467_group1,143,14
13400,3536,B10_13400_3536_group1,145,2
14302,3467,B10_14302_3467_group1,167,5
14336,3773,B10_14336_3773_group1,155,2
14350,3779,B10_14350_3779_group1,155,3
14450,3713,B10_14450_3713_group1,156,2
14469,3807,B10_14469_3807_group1,158,5
14519,3766,B10_14519_3766_group1,157,2
14520,3804,B10_14520_3804_group1,157,4
14522,3775,B10_14522_3775_group1,157,2
14562,3467,B10_14562_3467_group1,158,8
14715,3839,B10_14715_3839_group1,159,3
14779,3886,B10_14779_3886_group1,161,2
14837,3775,B10_14837_3775_group1,161,5
14968,3916,B10_14968_3916_group1,163,2
15392,3952,B10_15392_3952_group1,167,9
15402,3775,B10_15402_3775_group1,167,25
15520,3683,B10_15520_3683_group1,170,3
15912,3236,B10_15912_3236_group1,172,2
16094,3467,B10_16094_3467_group1,174,4
16431,3952,B10_16431_3952_group1,177,4
16460,3236,B10_16460_3236_group1,177,2
16505,4118,B10_16505_4118_group1,177,3
16612,4076,B10_16612_4076_group1,179,2
16638,3467,B10_16638_3467_group1,179,2
16657,3930,B10_16657_3930_group1,179,6
16699,4147,B10_16699_4147_group1,179,3
16765,3236,B10_16765_3236_group1,180,2
16976,4137,B10_16976_4137_group1,182,5
17093,4190,B10_17093_4190_group1,183,3
17118,3952,B10_17118_3952_group1,184,8
17118,4368,B10_17118_4368_group1,193,3
17138,4191,B10_17138_4191_group1,184,2
17204,4219,B10_17204_4219_group1,184,2
17341,3930,B10_17341_3930_group1,186,2
17431,4191,B10_17431_4191_group1,187,7
17560,4137,B10_17560_4137_group1,188,5
17635,3930,B10_17635_3930_group1,189,2
18066,4374,B10_18066_4374_group1,194,10
18177,4379,B10_18177_4379_group1,194,3
18365,4384,B10_18365_4384_group1,195,4
18394,4454,B10_18394_4454_group1,198,2
18416,4409,B10_18416_4409_group1,195,2
18429,4379,B10_18429_4379_group1,195,2
18477,3236,B10_18477_3236_group1,196,2
18728,4457,B10_18728_4457_group1,199,2
18770,4469,B10_18770_4469_group1,199,4
18976,4517,B10_18976_4517_group1,202,3
19175,4384,B10_19175_4384_group1,203,4
19288,4448,B10_19288_4448_group1,204,3
19310,4557,B10_19310_4557_group1,204,5
19344,4561,B10_19344_4561_group1,205,2
19356,4374,B10_19356_4374_group1,205,2
19375,4523,B10_19375_4523_group1,205,6
19490,4586,B10_19490_4586_group1,206,2
19666,4374,B10_19666_4374_group1,208,3
19751,4630,B10_19751_4630_group1,210,3
19764,4561,B10_19764_4561_group1,209,2
19877,4384,B10_19877_4384_group1,210,2
19913,4670,B10_19913_4670_group1,211,2
20042,4676,B10_20042_4676_group1,211,7
20197,4561,B10_20197_4561_group1,213,4
20212,4374,B10_20212_4374_group1,213,3
20247,4521,B10_20247_4521_group1,216,2
20434,4699,B10_20434_4699_group1,215,2
20485,4607,B10_20485_4607_group1,215,2
20496,4706,B10_20496_4706_group1,215,3
20691,4590,B10_20691_4590_group1,216,2
20747,4736,B10_20747_4736_group1,217,5
20810,4749,B10_20810_4749_group1,217,2
20970,4755,B10_20970_4755_group1,219,2
20974,4781,B10_20974_4781_group1,219,2
20996,4706,B10_20996_4706_group1,219,8
21032,4676,B10_21032_4676_group1,219,9
21066,4630,B10_21066_4630_group1,220,2
21075,4561,B10_21075_4561_group1,220,8
21311,4851,B10_21311_4851_group1,223,2
21420,4736,B10_21420_4736_group1,223,2
21525,4374,B10_21525_4374_group1,224,2
21765,4736,B10_21765_4736_group1,226,5
21765,5034,B10_21765_5034_group1,234,18
21838,4630,B10_21838_4630_group1,227,3
21877,5032,B10_21877_5032_group1,234,4
21900,4706,B10_21900_4706_group1,227,3
22073,4703,B10_22073_4703_group1,228,2
22119,4928,B10_22119_4928_group1,229,2
22162,4877,B10_22162_4877_group1,229,10
22184,4676,B10_22184_4676_group1,229,4
22228,4561,B10_22228_4561_group1,230,4
22316,4976,B10_22316_4976_group1,230,5
22466,4989,B10_22466_4989_group1,232,2
22484,4993,B10_22484_4993_group1,232,8
22628,4967,B10_22628_4967_group1,233,4
22803,4676,B10_22803_4676_group1,234,5
22935,5073,B10_22935_5073_group1,237,3
23517,4967,B10_23517_4967_group1,241,2
23550,4676,B10_23550_4676_group1,241,3
23550,5192,B10_23550_5192_group1,245,12
23582,5073,B10_23582_5073_group1,243,2
23697,4989,B10_23697_4989_group1,243,7
23733,4877,B10_23733_4877_group1,243,8
23825,5125,B10_23825_5125_group1,245,3
24243,4561,B10_24243_4561_group1,247,3
24324,5310,B10_24324_5310_group1,252,3
24398,4967,B10_24398_4967_group1,248,3
24439,5030,B10_24439_5030_group1,248,2
24489,5297,B10_24489_5297_group1,252,2
24492,5271,B10_24492_5271_group1,250,4
24507,5125,B10_24507_5125_group1,249,9
24551,5249,B10_24551_5249_group1,249,2
24551,5309,B10_24551_5309_group1,252,8
24667,5312,B10_24667_5312_group1,252,2
24891,4561,B10_24891_4561_group1,252,8
24971,4877,B10_24971_4877_group1,252,2
25002,5280,B10_25002_5280_group1,252,3
25018,5165,B10_25018_5165_group1,253,2
25051,5034,B10_25051_5034_group1,253,5
25415,4877,B10_25415_4877_group1,256,4
25546,5344,B10_25546_5344_group1,257,3
25721,5034,B10_25721_5034_group1,259,6
26010,5327,B10_26010_5327_group1,260,2
26062,5440,B10_26062_5440_group2,264,12
26115,5446,B10_26115_5446_group1,261,16
26336,5450,B10_26336_5450_group1,262,4
26468,5460,B10_26468_5460_group1,263,3
26619,5454,B10_26619_5454_group1,264,2
26683,4967,B10_26683_4967_group1,265,6
26766,5034,B10_26766_5034_group1,266,6
26882,5566,B10_26882_5566_group1,267,3
27175,5542,B10_27175_5542_group1,269,3
27417,5460,B10_27417_5460_group1,271,3
27605,4967,B10_27605_4967_group1,274,3
27706,5634,B10_27706_5634_group1,274,2
27776,5663,B10_27776_5663_group1,274,2
27799,5668,B10_27799_5668_group1,274,2
27888,4877,B10_27888_4877_group1,275,4
27936,5712,B10_27936_5712_group1,275,2
28051,5720,B10_28051_5720_group1,276,2
28278,5744,B10_28278_5744_group1,278,2
28348,5643,B10_28348_5643_group1,278,2
28364,5687,B10_28364_5687_group1,278,12
28365,5793,B10_28365_5793_group1,280,2
28378,5476,B10_28378_5476_group1,278,2
28385,5736,B10_28385_5736_group1,278,5
28456,5446,B10_28456_5446_group1,279,7
28927,5744,B10_28927_5744_group1,283,4
28934,5034,B10_28934_5034_group1,283,4
28964,5771,B10_28964_5771_group1,283,2
29027,5440,B10_29027_5440_group1,284,2
29133,5854,B10_29133_5854_group1,284,4
29249,5879,B10_29249_5879_group1,285,4
29261,5668,B10_29261_5668_group1,285,12
29454,5446,B10_29454_5446_group1,287,5
29514,5485,B10_29514_5485_group1,288,3
29559,5034,B10_29559_5034_group1,288,3
29706,5744,B10_29706_5744_group1,289,4
29752,5983,B10_29752_5983_group1,291,2
29766,5957,B10_29766_5957_group1,289,2
30036,5687,B10_30036_5687_group1,291,6
30201,5034,B10_30201_5034_group1,293,3
30214,5446,B10_30214_5446_group1,293,8
30275,6022,B10_30275_6022_group1,293,2
30605,5744,B10_30605_5744_group1,296,2
30638,5916,B10_30638_5916_group1,296,2
30765,6035,B10_30765_6035_group1,297,2
30919,4967,B10_30919_4967_group1,298,2
30983,6108,B10_30983_6108_group1,299,2
31089,5034,B10_31089_5034_group1,299,2
31145,6130,B10_31145_6130_group1,299,2
3731,856,B10_3731_856_group1,2,2
3862,1311,B10_3862_1311_group1,4,2
3940,1661,B10_3940_1661_group1,19,2
3940,2193,B10_3940_2193_group1,49,4
4342,1521,B10_4342_1521_group1,12,4
4604,1595,B10_4604_1595_group1,17,2
4605,1448,B10_4605_1448_group1,18,11
4638,1654,B10_4638_1654_group1,18,2
4788,1236,B10_4788_1236_group1,21,5
4832,1603,B10_4832_1603_group1,21,2
4965,932,B10_4965_932_group1,23,2
5126,1744,B10_5126_1744_group1,26,19
5302,1855,B10_5302_1855_group1,29,2
5355,1448,B10_5355_1448_group1,30,2
5774,167,B10_5774_167_group1,39,2
5885,167,B10_5885_167_group1,40,2
5941,2038,B10_5941_2038_group1,41,2
6269,1744,B10_6269_1744_group1,46,2
6583,2104,B10_6583_2104_group1,51,2
6585,2104,B10_6585_2104_group1,51,2
6632,2183,B10_6632_2183_group1,52,3
6686,2193,B10_6686_2193_group1,54,2
6886,2183,B10_6886_2183_group1,56,2
6903,1503,B10_6903_1503_group1,57,2
7330,932,B10_7330_932_group1,64,2
7342,1503,B10_7342_1503_group1,64,2
7575,1503,B10_7575_1503_group1,68,2
8738,2498,B10_8738_2498_group1,87,2
8982,2498,B10_8982_2498_group1,92,13
9866,3038,B10_9866_3038_group1,104,4
10116,3773,B3_10116_3773_group1,136,2
10128,3545,B3_10128_3545_group1,134,4
10381,3804,B3_10381_3804_group1,139,2
10450,3333,B3_10450_3333_group1,140,6
10621,3545,B3_10621_3545_group1,142,2
10633,3108,B3_10633_3108_group1,142,2
10657,3616,B3_10657_3616_group1,143,3
10693,3904,B3_10693_3904_group1,144,2
10820,3854,B3_10820_3854_group1,146,24
10885,3333,B3_10885_3333_group1,147,5
11187,3333,B3_11187_3333_group1,153,2
11273,4110,B3_11273_4110_group1,155,14
11552,4204,B3_11552_4204_group1,159,2
11559,4134,B3_11559_4134_group1,160,2
11570,4241,B3_11570_4241_group1,160,13
11607,4181,B3_11607_4181_group1,160,9
11720,4204,B3_11720_4204_group1,162,4
11778,3108,B3_11778_3108_group1,164,3
11780,4256,B3_11780_4256_group1,164,2
12116,4256,B3_12116_4256_group1,170,3
12224,4110,B3_12224_4110_group1,171,3
12396,4532,B3_12396_4532_group1,174,2
12396,4571,B3_12396_4571_group1,175,2
12527,4241,B3_12527_4241_group1,176,3
12611,4181,B3_12611_4181_group1,177,2
12612,4110,B3_12612_4110_group1,177,2
12632,4626,B3_12632_4626_group1,178,4
12674,4616,B3_12674_4616_group1,179,3
12724,4651,B3_12724_4651_group1,180,11
13008,3867,B3_13008_3867_group1,184,3
13068,4817,B3_13068_4817_group1,186,3
13345,4861,B3_13345_4861_group1,190,2
13437,4947,B3_13437_4947_group1,191,2
13445,4903,B3_13445_4903_group1,191,2
13596,4985,B3_13596_4985_group1,194,4
13596,5132,B3_13596_5132_group1,200,9
13644,4204,B3_13644_4204_group1,194,2
13648,5009,B3_13648_5009_group1,194,5
14106,5150,B3_14106_5150_group1,201,7
14108,3867,B3_14108_3867_group1,201,4
14233,5219,B3_14233_5219_group1,204,3
14391,3867,B3_14391_3867_group1,206,2
14530,5407,B3_14530_5407_group1,211,2
14570,5383,B3_14570_5383_group1,210,4
14570,5502,B3_14570_5502_group1,215,12
14572,5386,B3_14572_5386_group1,210,3
14590,5150,B3_14590_5150_group1,210,2
14598,5279,B3_14598_5279_group1,211,2
14753,5378,B3_14753_5378_group1,213,3
14867,5713,B3_14867_5713_group1,227,5
14905,5438,B3_14905_5438_group1,215,2
14917,3867,B3_14917_3867_group1,215,18
15000,5565,B3_15000_5565_group1,218,2
15004,5584,B3_15004_5584_group1,219,2
15044,5526,B3_15044_5526_group1,217,2
15054,4854,B3_15054_4854_group1,218,20
15122,5561,B3_15122_5561_group1,219,2
15125,5481,B3_15125_5481_group1,219,2
15125,5761,B3_15125_5761_group1,226,2
15125,5821,B3_15125_5821_group1,229,26
15125,6553,B3_15125_6553_group1,256,6
15187,5587,B3_15187_5587_group1,220,2
15263,5565,B3_15263_5565_group1,221,10
15398,5658,B3_15398_5658_group1,223,4
15481,5720,B3_15481_5720_group1,225,3
15635,5727,B3_15635_5727_group1,227,2
15659,5810,B3_15659_5810_group1,228,2
15659,5866,B3_15659_5866_group1,231,2
15659,5952,B3_15659_5952_group1,234,10
15659,6235,B3_15659_6235_group1,245,6
15659,6444,B3_15659_6444_group1,252,4
15663,5660,B3_15663_5660_group1,227,2
15667,5759,B3_15667_5759_group1,227,4
15717,5777,B3_15717_5777_group1,228,2
15800,5834,B3_15800_5834_group1,229,5
15987,5851,B3_15987_5851_group1,232,2
15988,5843,B3_15988_5843_group1,232,2
15999,6037,B3_15999_6037_group1,239,7
15999,6171,B3_15999_6171_group1,243,2
16020,5565,B3_16020_5565_group1,233,6
16057,6001,B3_16057_6001_group1,236,3
16099,5935,B3_16099_5935_group1,234,3
16105,3867,B3_16105_3867_group1,234,10
16156,5516,B3_16156_5516_group1,235,2
16178,4986,B3_16178_4986_group1,236,9
16297,6147,B3_16297_6147_group1,242,2
16492,6054,B3_16492_6054_group1,241,5
16560,5646,B3_16560_5646_group1,243,2
16585,6173,B3_16585_6173_group1,244,2
16585,6385,B3_16585_6385_group1,250,2
16624,6224,B3_16624_6224_group1,244,3
16641,6036,B3_16641_6036_group1,243,2
16641,6258,B3_16641_6258_group1,246,9
16652,6147,B3_16652_6147_group1,244,2
16652,6423,B3_16652_6423_group1,251,5
16652,6549,B3_16652_6549_group1,259,4
16678,6271,B3_16678_6271_group1,246,2
16732,6141,B3_16732_6141_group1,244,3
16736,6065,B3_16736_6065_group1,244,4
16754,3867,B3_16754_3867_group1,245,7
16806,6095,B3_16806_6095_group1,246,5
16809,4986,B3_16809_4986_group1,246,3
16833,6218,B3_16833_6218_group1,246,3
16833,6218,B3_16833_6218_group2,250,3
16930,6224,B3_16930_6224_group1,248,4
16978,5983,B3_16978_5983_group1,249,2
16984,6054,B3_16984_6054_group1,249,2
16991,6133,B3_16991_6133_group1,249,2
16996,6411,B3_16996_6411_group1,250,2
17017,4986,B3_17017_4986_group1,250,9
17022,6349,B3_17022_6349_group1,250,2
17042,6396,B3_17042_6396_group1,250,3
17049,6414,B3_17049_6414_group1,250,2
17116,6438,B3_17116_6438_group1,252,2
17170,6345,B3_17170_6345_group1,254,2
17172,6349,B3_17172_6349_group1,253,2
17207,6416,B3_17207_6416_group1,253,2
17209,6452,B3_17209_6452_group1,253,2
17213,6456,B3_17213_6456_group1,253,2
17270,6401,B3_17270_6401_group1,256,4
17274,6517,B3_17274_6517_group1,254,2
17276,6407,B3_17276_6407_group1,254,2
17350,3867,B3_17350_3867_group1,255,5
17394,6663,B3_17394_6663_group1,260,5
17404,6401,B3_17404_6401_group1,257,2
17404,6655,B3_17404_6655_group1,260,3
17427,6462,B3_17427_6462_group1,256,2
17474,6593,B3_17474_6593_group2,259,2
17474,6653,B3_17474_6653_group1,260,3
17494,6604,B3_17494_6604_group1,258,2
17518,6054,B3_17518_6054_group1,258,2
17519,6401,B3_17519_6401_group1,259,2
17520,6401,B3_17520_6401_group1,259,2
17525,6657,B3_17525_6657_group1,260,2
17543,6626,B3_17543_6626_group1,259,2
17602,4986,B3_17602_4986_group1,260,3
17665,6349,B3_17665_6349_group1,261,3
17668,6683,B3_17668_6683_group1,261,4
17682,6780,B3_17682_6780_group1,263,3
17682,6909,B3_17682_6909_group1,268,3
17702,3867,B3_17702_3867_group1,261,12
17737,5983,B3_17737_5983_group1,262,2
17757,6735,B3_17757_6735_group1,262,2
17761,6668,B3_17761_6668_group1,262,3
17762,6665,B3_17762_6665_group1,262,2
17769,6713,B3_17769_6713_group1,263,2
17819,6407,B3_17819_6407_group1,263,2
17851,6837,B3_17851_6837_group1,266,4
17851,6967,B3_17851_6967_group1,271,30
17886,6690,B3_17886_6690_group1,264,4
17894,6496,B3_17894_6496_group1,264,2
17901,6747,B3_17901_6747_group1,264,2
17931,6389,B3_17931_6389_group1,265,3
17934,6683,B3_17934_6683_group1,265,2
17940,6181,B3_17940_6181_group1,265,2
18008,6915,B3_18008_6915_group1,271,2
18008,6937,B3_18008_6937_group2,271,2
18017,6593,B3_18017_6593_group1,267,4
18017,6988,B3_18017_6988_group1,271,2
18026,6869,B3_18026_6869_group1,267,2
18045,6850,B3_18045_6850_group1,267,3
18053,6826,B3_18053_6826_group1,267,2
18054,6885,B3_18054_6885_group1,267,2
18088,4986,B3_18088_4986_group1,268,2
18160,6690,B3_18160_6690_group1,269,4
18183,6945,B3_18183_6945_group1,270,2
18256,4986,B3_18256_4986_group1,271,4
18279,6977,B3_18279_6977_group1,271,3
18284,7011,B3_18284_7011_group1,272,10
18314,6973,B3_18314_6973_group1,272,2
18326,6933,B3_18326_6933_group1,272,2
18332,7135,B3_18332_7135_group1,276,2
18332,7303,B3_18332_7303_group1,282,2
18332,7556,B3_18332_7556_group1,291,2
18386,7078,B3_18386_7078_group1,274,2
18399,6990,B3_18399_6990_group1,273,3
18399,7183,B3_18399_7183_group1,278,3
18457,6690,B3_18457_6690_group1,274,6
18465,7080,B3_18465_7080_group1,274,2
18483,3867,B3_18483_3867_group1,274,3
18503,7066,B3_18503_7066_group1,275,2
18524,7079,B3_18524_7079_group1,275,6
18533,2961,B3_18533_2961_group1,278,2
18535,7179,B3_18535_7179_group1,278,2
18548,4986,B3_18548_4986_group1,276,2
18562,7166,B3_18562_7166_group1,279,2
18669,7201,B3_18669_7201_group1,279,2
18697,3867,B3_18697_3867_group1,278,3
18717,7197,B3_18717_7197_group1,279,2
18717,7294,B3_18717_7294_group1,282,3
18736,7144,B3_18736_7144_group1,279,2
18789,7248,B3_18789_7248_group1,280,8
18845,7110,B3_18845_7110_group1,281,2
18908,6690,B3_18908_6690_group1,282,2
18959,7067,B3_18959_7067_group1,283,2
18959,7397,B3_18959_7397_group1,287,2
18959,7397,B3_18959_7397_group2,292,3
18959,7466,B3_18959_7466_group1,288,3
18959,7734,B3_18959_7734_group1,297,2
19003,7510,B3_19003_7510_group1,290,2
19003,7619,B3_19003_7619_group1,293,5
19074,7350,B3_19074_7350_group1,285,7
19080,7447,B3_19080_7447_group1,287,5
19107,7394,B3_19107_7394_group1,286,2
19139,7170,B3_19139_7170_group1,286,6
19155,3867,B3_19155_3867_group1,286,2
19230,7436,B3_19230_7436_group1,288,5
19250,6690,B3_19250_6690_group1,288,2
19290,7407,B3_19290_7407_group1,289,2
19296,7439,B3_19296_7439_group1,289,2
19334,7470,B3_19334_7470_group1,290,2
19356,7569,B3_19356_7569_group1,292,4
19356,7686,B3_19356_7686_group1,296,3
19408,7161,B3_19408_7161_group1,292,2
19414,4986,B3_19414_4986_group1,292,5
19438,7520,B3_19438_7520_group1,292,3
19439,6690,B3_19439_6690_group1,292,4
19449,7605,B3_19449_7605_group1,293,4
19462,7454,B3_19462_7454_group1,292,3
19469,7546,B3_19469_7546_group2,296,3
19481,7592,B3_19481_7592_group1,293,2
19542,7529,B3_19542_7529_group1,295,2
19567,7487,B3_19567_7487_group1,295,2
19577,7470,B3_19577_7470_group1,295,6
19581,7170,B3_19581_7170_group1,295,2
19584,7447,B3_19584_7447_group1,295,2
19586,7449,B3_19586_7449_group1,295,2
19635,7713,B3_19635_7713_group1,297,4
19685,7474,B3_19685_7474_group1,297,2
19737,7774,B3_19737_7774_group1,298,2
19739,7776,B3_19739_7776_group1,298,3
19766,7454,B3_19766_7454_group1,298,3
19789,7771,B3_19789_7771_group1,299,2
19799,7746,B3_19799_7746_group1,299,2
2595,1191,B3_2595_1191_group1,1,2
2997,1227,B3_2997_1227_group1,3,2
3153,1281,B3_3153_1281_group1,4,3
3621,1557,B3_3621_1557_group1,18,5
3822,1200,B3_3822_1200_group1,18,2
3824,1644,B3_3824_1644_group1,24,4
4003,1519,B3_4003_1519_group1,21,2
4257,1557,B3_4257_1557_group1,26,2
4538,1733,B3_4538_1733_group1,31,2
4832,1534,B3_4832_1534_group1,38,2
5003,1588,B3_5003_1588_group1,40,2
5011,1849,B3_5011_1849_group1,40,3
5502,1917,B3_5502_1917_group1,50,34
5502,2892,B3_5502_2892_group1,87,26
5909,2331,B3_5909_2331_group1,58,3
5971,2144,B3_5971_2144_group1,59,4
6113,2427,B3_6113_2427_group1,63,2
6393,2427,B3_6393_2427_group1,66,2
6478,2313,B3_6478_2313_group1,69,2
6492,2552,B3_6492_2552_group1,70,2
7336,2816,B3_7336_2816_group1,83,3
8170,3108,B3_8170_3108_group1,100,13
8229,3100,B3_8229_3100_group1,101,7
8501,3152,B3_8501_3152_group1,106,3
8799,3289,B3_8799_3289_group1,112,2
8844,3333,B3_8844_3333_group1,113,17
8884,3314,B3_8884_3314_group1,113,2
8954,3108,B3_8954_3108_group1,114,18
9056,3289,B3_9056_3289_group1,116,2
9081,3348,B3_9081_3348_group1,117,28
9692,3545,B3_9692_3545_group1,126,2
9792,3641,B3_9792_3641_group1,129,2
9835,3459,B3_9835_3459_group1,129,2
9967,3579,B3_9967_3579_group1,132,2
10668,3341,B4_10668_3341_group1,161,3
10713,3291,B4_10713_3291_group1,160,6
10799,3290,B4_10799_3290_group1,162,2
11131,3538,B4_11131_3538_group1,175,2
11290,3414,B4_11290_3414_group1,171,2
11299,3470,B4_11299_3470_group1,171,4
11488,3414,B4_11488_3414_group1,175,2
11683,3598,B4_11683_3598_group1,179,14
11691,3470,B4_11691_3470_group1,179,2
11831,3414,B4_11831_3414_group1,182,2
11832,3414,B4_11832_3414_group1,182,2
12368,3598,B4_12368_3598_group1,194,3
12548,3598,B4_12548_3598_group1,198,5
12592,3919,B4_12592_3919_group1,199,2
12653,3983,B4_12653_3983_group1,201,2
12789,3919,B4_12789_3919_group1,202,3
12797,3853,B4_12797_3853_group1,203,2
12941,4059,B4_12941_4059_group1,206,6
12952,4085,B4_12952_4085_group1,206,2
12955,3919,B4_12955_3919_group1,206,2
13015,4117,B4_13015_4117_group1,207,2
13043,3414,B4_13043_3414_group1,208,3
13161,4173,B4_13161_4173_group1,210,8
13214,4155,B4_13214_4155_group1,211,2
13219,3973,B4_13219_3973_group1,211,2
13327,4059,B4_13327_4059_group1,213,6
13337,4231,B4_13337_4231_group1,213,3
13416,4318,B4_13416_4318_group1,217,2
13576,4306,B4_13576_4306_group1,218,5
13651,4173,B4_13651_4173_group1,219,4
13653,4358,B4_13653_4358_group1,219,4
13767,3555,B4_13767_3555_group1,221,2
13814,4282,B4_13814_4282_group1,222,2
14010,4339,B4_14010_4339_group1,224,2
14019,4536,B4_14019_4536_group1,228,3
14023,4463,B4_14023_4463_group1,224,2
14023,4550,B4_14023_4550_group1,228,2
14086,4454,B4_14086_4454_group1,225,2
14104,4485,B4_14104_4485_group1,226,5
14247,4496,B4_14247_4496_group1,228,2
14255,4472,B4_14255_4472_group1,228,12
14277,4576,B4_14277_4576_group1,229,5
14451,4244,B4_14451_4244_group1,231,2
14453,4617,B4_14453_4617_group1,231,2
14599,4589,B4_14599_4589_group1,239,6
14603,4641,B4_14603_4641_group1,234,10
14674,4608,B4_14674_4608_group1,236,2
14773,4717,B4_14773_4717_group1,238,2
14827,4864,B4_14827_4864_group1,243,3
14838,4496,B4_14838_4496_group1,239,2
14887,4676,B4_14887_4676_group1,240,5
14888,4791,B4_14888_4791_group1,240,2
14889,4638,B4_14889_4638_group1,240,2
14940,4787,B4_14940_4787_group1,241,4
14986,4496,B4_14986_4496_group1,242,3
14992,4674,B4_14992_4674_group1,243,3
14992,4821,B4_14992_4821_group3,253,2
14993,4472,B4_14993_4472_group1,242,2
14994,4244,B4_14994_4244_group1,242,2
15001,4826,B4_15001_4826_group1,242,2
15043,4821,B4_15043_4821_group1,244,2
15136,4887,B4_15136_4887_group1,245,2
15138,4897,B4_15138_4897_group1,245,2
15175,4917,B4_15175_4917_group1,246,3
15229,4822,B4_15229_4822_group1,247,2
15289,4972,B4_15289_4972_group1,248,2
15289,5113,B4_15289_5113_group1,251,17
15289,5545,B4_15289_5545_group1,269,3
15328,4988,B4_15328_4988_group1,249,2
15329,4988,B4_15329_4988_group1,249,2
15332,5108,B4_15332_5108_group1,251,4
15332,5197,B4_15332_5197_group1,255,2
15352,5180,B4_15352_5180_group1,254,2
15352,5241,B4_15352_5241_group1,257,2
15416,4917,B4_15416_4917_group1,250,4
15440,4864,B4_15440_4864_group1,251,3
15456,5025,B4_15456_5025_group1,251,2
15560,5123,B4_15560_5123_group1,253,2
15561,5022,B4_15561_5022_group1,253,2
15567,5033,B4_15567_5033_group1,253,2
15591,4903,B4_15591_4903_group1,254,15
15662,5304,B4_15662_5304_group1,259,2
15670,4821,B4_15670_4821_group1,255,2
15717,4968,B4_15717_4968_group2,259,2
15731,5248,B4_15731_5248_group1,257,4
15781,5232,B4_15781_5232_group1,257,3
15881,5305,B4_15881_5305_group1,259,4
15932,5344,B4_15932_5344_group1,261,2
15932,5412,B4_15932_5412_group1,264,2
15953,5380,B4_15953_5380_group1,263,2
15980,5197,B4_15980_5197_group1,261,5
16044,5248,B4_16044_5248_group1,262,2
16089,5241,B4_16089_5241_group1,263,4
16169,5424,B4_16169_5424_group1,265,6
16172,5330,B4_16172_5330_group1,266,2
16221,5492,B4_16221_5492_group1,267,2
16226,5436,B4_16226_5436_group1,266,3
16228,5230,B4_16228_5230_group1,266,4
16290,5197,B4_16290_5197_group1,267,2
16379,5330,B4_16379_5330_group1,269,2
16400,5518,B4_16400_5518_group1,270,2
16404,5543,B4_16404_5543_group1,269,3
16433,4903,B4_16433_4903_group1,270,6
16498,5230,B4_16498_5230_group1,271,3
16499,5541,B4_16499_5541_group1,271,2
16534,5274,B4_16534_5274_group1,272,2
16538,5319,B4_16538_5319_group1,272,2
16597,5545,B4_16597_5545_group1,273,16
16597,6157,B4_16597_6157_group1,290,5
16664,5625,B4_16664_5625_group1,275,2
16728,5677,B4_16728_5677_group1,275,5
16758,5656,B4_16758_5656_group1,276,2
16758,5765,B4_16758_5765_group1,278,2
16762,5230,B4_16762_5230_group1,276,2
16763,5690,B4_16763_5690_group1,275,2
16769,5576,B4_16769_5576_group1,275,3
16814,5687,B4_16814_5687_group1,276,6
16910,5835,B4_16910_5835_group1,280,6
16949,5510,B4_16949_5510_group1,279,3
17053,5677,B4_17053_5677_group1,281,2
17053,5934,B4_17053_5934_group1,284,2
17070,5763,B4_17070_5763_group1,281,3
17070,5911,B4_17070_5911_group1,283,4
17072,5814,B4_17072_5814_group1,281,2
17166,5803,B4_17166_5803_group1,283,2
17169,5908,B4_17169_5908_group1,283,3
17177,5860,B4_17177_5860_group1,284,2
17221,4903,B4_17221_4903_group1,284,2
17301,6010,B4_17301_6010_group1,286,2
17305,5610,B4_17305_5610_group1,285,2
17307,5610,B4_17307_5610_group1,285,4
17334,5803,B4_17334_5803_group1,286,2
17336,5944,B4_17336_5944_group1,286,3
17352,5986,B4_17352_5986_group1,287,3
17376,5934,B4_17376_5934_group1,287,3
17386,4934,B4_17386_4934_group1,287,2
17400,5724,B4_17400_5724_group1,287,3
17490,5714,B4_17490_5714_group1,289,2
17515,6191,B4_17515_6191_group1,292,2
17518,6024,B4_17518_6024_group1,290,2
17669,5868,B4_17669_5868_group1,294,2
17694,5934,B4_17694_5934_group1,293,3
17706,6174,B4_17706_6174_group1,293,2
17709,6276,B4_17709_6276_group1,294,2
17714,6250,B4_17714_6250_group1,295,2
17727,6229,B4_17727_6229_group1,293,4
17788,6216,B4_17788_6216_group1,294,7
17791,6253,B4_17791_6253_group1,294,3
17792,6046,B4_17792_6046_group1,294,2
17793,6046,B4_17793_6046_group1,294,2
17795,6285,B4_17795_6285_group1,294,2
17828,6320,B4_17828_6320_group1,296,2
17933,6274,B4_17933_6274_group1,297,2
17955,6380,B4_17955_6380_group1,298,3
17958,6136,B4_17958_6136_group1,297,2
18016,6357,B4_18016_6357_group1,298,3
18039,6062,B4_18039_6062_group1,299,2
18055,6379,B4_18055_6379_group1,299,2
18057,6355,B4_18057_6355_group1,299,2
3486,1092,B4_3486_1092_group1,13,4
3707,1092,B4_3707_1092_group1,19,3
3757,1155,B4_3757_1155_group1,21,2
3788,1298,B4_3788_1298_group1,26,4
3788,1353,B4_3788_1353_group1,26,2
3851,1353,B4_3851_1353_group1,26,3
4163,1367,B4_4163_1367_group1,28,2
4395,1301,B4_4395_1301_group1,32,2
4484,1155,B4_4484_1155_group1,34,2
4705,1452,B4_4705_1452_group1,38,3
4711,1526,B4_4711_1526_group1,39,2
5428,1686,B4_5428_1686_group1,51,2
5984,1819,B4_5984_1819_group1,62,2
6015,1915,B4_6015_1915_group1,64,2
6922,2127,B4_6922_2127_group1,81,2
7000,521,B4_7000_521_group1,83,2
7409,2173,B4_7409_2173_group1,92,2
7579,2173,B4_7579_2173_group1,96,16
7598,1912,B4_7598_1912_group1,97,2
8438,2637,B4_8438_2637_group1,114,16
9211,2914,B4_9211_2914_group1,133,2
9289,2863,B4_9289_2863_group1,132,4
9507,2960,B4_9507_2960_group1,137,5
9598,2863,B4_9598_2863_group1,139,11
9679,3008,B4_9679_3008_group1,141,3
10199,2698,B5_10199_2698_group1,127,8
10398,2089,B5_10398_2089_group1,130,3
10615,3033,B5_10615_3033_group1,135,4
10742,2698,B5_10742_2698_group1,137,7
10840,2616,B5_10840_2616_group1,138,2
10919,3033,B5_10919_3033_group1,140,8
11005,2875,B5_11005_2875_group2,145,8
11141,2089,B5_11141_2089_group1,143,2
11653,3268,B5_11653_3268_group1,151,2
11797,3033,B5_11797_3033_group1,154,3
11837,3364,B5_11837_3364_group1,155,2
11838,3364,B5_11838_3364_group1,155,2
11893,3362,B5_11893_3362_group1,155,4
12089,3033,B5_12089_3033_group1,159,2
12583,3514,B5_12583_3514_group1,166,2
13075,3624,B5_13075_3624_group1,173,2
13276,3679,B5_13276_3679_group1,176,2
13278,3679,B5_13278_3679_group1,176,2
13605,3624,B5_13605_3624_group1,181,2
13816,3850,B5_13816_3850_group1,186,2
14037,3656,B5_14037_3656_group1,188,2
14151,3848,B5_14151_3848_group1,190,2
14622,4033,B5_14622_4033_group1,197,2
14699,4016,B5_14699_4016_group1,197,2
14825,3624,B5_14825_3624_group1,200,2
14983,4072,B5_14983_4072_group1,202,2
15133,4133,B5_15133_4133_group1,204,4
15179,4210,B5_15179_4210_group1,207,2
15383,4223,B5_15383_4223_group1,208,6
15464,4234,B5_15464_4234_group1,208,14
15696,4275,B5_15696_4275_group1,210,2
15793,4333,B5_15793_4333_group1,215,2
15899,4295,B5_15899_4295_group1,214,2
16026,4223,B5_16026_4223_group1,216,2
16303,4364,B5_16303_4364_group1,219,2
16471,4446,B5_16471_4446_group1,222,3
16499,4428,B5_16499_4428_group1,222,2
16560,4223,B5_16560_4223_group1,224,20
16615,4364,B5_16615_4364_group1,224,2
16677,4519,B5_16677_4519_group1,226,2
16753,4364,B5_16753_4364_group1,227,3
16979,4603,B5_16979_4603_group1,231,4
17116,4364,B5_17116_4364_group1,232,2
17182,4428,B5_17182_4428_group1,233,2
17210,4515,B5_17210_4515_group1,234,4
18008,4927,B5_18008_4927_group1,248,3
18019,4872,B5_18019_4872_group1,247,2
18079,4843,B5_18079_4843_group1,248,3
18123,4956,B5_18123_4956_group1,249,2
18167,4710,B5_18167_4710_group1,249,2
18349,4710,B5_18349_4710_group1,252,3
18365,4607,B5_18365_4607_group1,253,2
18366,4843,B5_18366_4843_group1,253,6
18367,3335,B5_18367_3335_group1,253,2
18400,5063,B5_18400_5063_group1,254,2
18530,5114,B5_18530_5114_group1,257,2
18608,5109,B5_18608_5109_group1,256,2
18608,5188,B5_18608_5188_group1,259,2
18609,5109,B5_18609_5109_group1,256,2
18739,5130,B5_18739_5130_group1,257,3
18880,4841,B5_18880_4841_group1,260,2
18989,5234,B5_18989_5234_group1,261,3
19003,5188,B5_19003_5188_group1,262,2
19540,5436,B5_19540_5436_group1,270,2
19596,5454,B5_19596_5454_group1,270,2
19653,5155,B5_19653_5155_group1,271,4
19799,5578,B5_19799_5578_group1,275,2
19874,5589,B5_19874_5589_group1,275,2
19900,5551,B5_19900_5551_group1,276,3
19977,5564,B5_19977_5564_group1,277,2
20101,5703,B5_20101_5703_group1,280,6
20103,5644,B5_20103_5644_group1,278,2
20118,4841,B5_20118_4841_group1,279,2
20201,5582,B5_20201_5582_group1,281,2
20266,5719,B5_20266_5719_group1,281,9
20398,5746,B5_20398_5746_group1,283,4
20463,5772,B5_20463_5772_group1,284,2
20607,5772,B5_20607_5772_group1,287,2
20658,5703,B5_20658_5703_group1,287,3
20664,5942,B5_20664_5942_group1,290,3
20725,5746,B5_20725_5746_group1,288,2
20788,5904,B5_20788_5904_group1,291,2
20907,5703,B5_20907_5703_group1,291,9
21077,5933,B5_21077_5933_group1,295,3
21321,6018,B5_21321_6018_group1,298,3
21385,6116,B5_21385_6116_group1,299,2
3527,1076,B5_3527_1076_group1,8,3
4250,1300,B5_4250_1300_group1,20,24
4526,1352,B5_4526_1352_group1,25,2
4588,1318,B5_4588_1318_group1,27,2
4695,1423,B5_4695_1423_group1,28,2
4874,494,B5_4874_494_group1,32,3
4941,1476,B5_4941_1476_group1,32,4
5654,1300,B5_5654_1300_group1,46,9
6092,1733,B5_6092_1733_group1,54,3
6136,1764,B5_6136_1764_group1,54,2
6415,1881,B5_6415_1881_group1,58,2
6415,1957,B5_6415_1957_group1,61,4
7096,1941,B5_7096_1941_group1,71,2
7124,2079,B5_7124_2079_group1,71,2
7249,1941,B5_7249_1941_group1,74,3
7405,2145,B5_7405_2145_group1,77,2
7430,1941,B5_7430_1941_group1,78,3
7519,2246,B5_7519_2246_group1,80,2
7532,2205,B5_7532_2205_group1,80,2
7575,848,B5_7575_848_group1,80,3
7795,2329,B5_7795_2329_group1,87,5
7815,1941,B5_7815_1941_group1,85,3
7940,2246,B5_7940_2246_group1,86,2
8179,2384,B5_8179_2384_group1,90,2
8232,2360,B5_8232_2360_group1,91,3
8268,2395,B5_8268_2395_group1,92,2
8280,1854,B5_8280_1854_group1,92,18
8575,2384,B5_8575_2384_group1,97,7
8575,2642,B5_8575_2642_group1,107,8
8585,2395,B5_8585_2395_group1,98,5
8775,2698,B5_8775_2698_group1,110,16
8967,2619,B5_8967_2619_group1,106,2
8981,2604,B5_8981_2604_group1,106,2
9319,2089,B5_9319_2089_group1,111,2
9425,2875,B5_9425_2875_group1,123,20
9490,2728,B5_9490_2728_group1,115,7
9694,2792,B5_9694_2792_group1,118,2
9981,2728,B5_9981_2728_group1,124,3
10145,3415,B6_10145_3415_group1,135,2
10202,3521,B6_10202_3521_group1,140,6
10211,2967,B6_10211_2967_group1,137,2
10300,2831,B6_10300_2831_group1,138,2
10401,3568,B6_10401_3568_group1,140,2
10722,3675,B6_10722_3675_group1,145,3
10787,3733,B6_10787_3733_group1,148,2
10975,3754,B6_10975_3754_group1,150,2
11218,3565,B6_11218_3565_group1,154,2
11396,3845,B6_11396_3845_group1,157,4
11416,3884,B6_11416_3884_group1,157,2
12101,4097,B6_12101_4097_group1,169,2
12433,3820,B6_12433_3820_group1,173,3
12543,4223,B6_12543_4223_group1,176,11
12573,3845,B6_12573_3845_group1,176,2
13000,4382,B6_13000_4382_group1,185,2
13046,4274,B6_13046_4274_group1,185,2
13068,4322,B6_13068_4322_group1,185,2
13109,3640,B6_13109_3640_group1,186,4
13117,3273,B6_13117_3273_group1,187,2
13226,4237,B6_13226_4237_group1,189,2
13320,4409,B6_13320_4409_group1,190,2
13490,3845,B6_13490_3845_group1,192,2
13690,4579,B6_13690_4579_group1,196,2
13699,4558,B6_13699_4558_group1,196,3
13814,3845,B6_13814_3845_group1,198,3
13986,4174,B6_13986_4174_group1,201,5
13986,4815,B6_13986_4815_group1,206,2
14175,4774,B6_14175_4774_group1,205,14
14274,3845,B6_14274_3845_group1,206,2
14310,4668,B6_14310_4668_group1,207,2
14315,4668,B6_14315_4668_group1,207,2
14537,4837,B6_14537_4837_group1,210,3
14539,4668,B6_14539_4668_group1,210,2
14731,4494,B6_14731_4494_group1,213,4
14734,3845,B6_14734_3845_group1,213,3
14874,4981,B6_14874_4981_group1,216,2
15096,5087,B6_15096_5087_group1,220,19
15096,5513,B6_15096_5513_group1,240,3
15096,5676,B6_15096_5676_group1,248,3
15220,2134,B6_15220_2134_group1,222,2
15304,4668,B6_15304_4668_group1,223,2
15336,5204,B6_15336_5204_group1,225,9
15366,3845,B6_15366_3845_group1,224,2
15366,5275,B6_15366_5275_group1,227,2
15377,4553,B6_15377_4553_group1,225,7
15393,5214,B6_15393_5214_group1,225,2
15970,5447,B6_15970_5447_group1,236,3
15971,5447,B6_15971_5447_group1,236,3
16172,5558,B6_16172_5558_group1,242,2
16182,5447,B6_16182_5447_group1,240,2
16423,5569,B6_16423_5569_group1,244,3
16501,5754,B6_16501_5754_group1,251,3
16798,5735,B6_16798_5735_group1,250,2
16947,5819,B6_16947_5819_group1,254,2
16947,5962,B6_16947_5962_group1,260,11
16995,6119,B6_16995_6119_group1,265,2
16995,6299,B6_16995_6299_group1,271,3
17049,5805,B6_17049_5805_group1,254,2
17129,5790,B6_17129_5790_group1,256,4
17141,5802,B6_17141_5802_group1,256,2
17141,5802,B6_17141_5802_group2,259,3
17153,5919,B6_17153_5919_group1,258,2
17154,5922,B6_17154_5922_group1,258,2
17207,6027,B6_17207_6027_group1,262,2
17235,5929,B6_17235_5929_group2,260,4
17238,5295,B6_17238_5295_group1,258,2
17240,3880,B6_17240_3880_group1,258,2
17300,5815,B6_17300_5815_group1,259,3
17344,6012,B6_17344_6012_group1,261,4
17505,6072,B6_17505_6072_group1,264,2
17528,6047,B6_17528_6047_group1,263,3
17532,6047,B6_17532_6047_group1,263,2
17546,6259,B6_17546_6259_group1,270,2
17690,6092,B6_17690_6092_group1,265,3
17699,6120,B6_17699_6120_group1,266,5
17727,6047,B6_17727_6047_group1,266,3
17751,6086,B6_17751_6086_group1,266,2
17762,6158,B6_17762_6158_group1,266,2
17873,6153,B6_17873_6153_group1,268,4
17927,6086,B6_17927_6086_group1,269,2
18019,6047,B6_18019_6047_group1,271,2
18080,6086,B6_18080_6086_group1,272,4
18086,6402,B6_18086_6402_group1,276,2
18134,6347,B6_18134_6347_group1,274,5
18134,6497,B6_18134_6497_group1,280,2
18163,5962,B6_18163_5962_group1,274,9
18215,6407,B6_18215_6407_group1,277,3
18303,6047,B6_18303_6047_group1,280,5
18357,6086,B6_18357_6086_group1,277,2
18367,6237,B6_18367_6237_group1,277,2
18369,6474,B6_18369_6474_group1,281,3
18419,6887,B6_18419_6887_group1,295,2
18419,6976,B6_18419_6976_group1,298,2
18468,6464,B6_18468_6464_group1,279,3
18473,6358,B6_18473_6358_group1,279,3
18518,6373,B6_18518_6373_group1,280,2
18600,6489,B6_18600_6489_group1,282,4
18642,6558,B6_18642_6558_group1,283,2
18774,6588,B6_18774_6588_group1,285,2
18823,6247,B6_18823_6247_group1,286,4
18884,6672,B6_18884_6672_group1,288,2
18897,6687,B6_18897_6687_group1,288,4
18907,6356,B6_18907_6356_group1,287,2
19002,6567,B6_19002_6567_group1,291,2
19089,6247,B6_19089_6247_group1,291,2
19265,6843,B6_19265_6843_group1,293,2
19302,6959,B6_19302_6959_group1,298,2
19338,5658,B6_19338_5658_group2,297,2
19464,6854,B6_19464_6854_group1,297,2
19502,6920,B6_19502_6920_group1,297,2
19538,6962,B6_19538_6962_group1,298,3
3453,1025,B6_3453_1025_group1,11,2
3455,1025,B6_3455_1025_group1,11,2
3608,1452,B6_3608_1452_group1,21,2
3677,1406,B6_3677_1406_group1,19,2
3798,1413,B6_3798_1413_group1,20,2
3954,1506,B6_3954_1506_group1,24,2
4197,1598,B6_4197_1598_group1,28,2
4265,1332,B6_4265_1332_group1,29,3
4747,1842,B6_4747_1842_group1,42,3
4823,1744,B6_4823_1744_group1,40,3
5177,2052,B6_5177_2052_group1,53,2
5268,1921,B6_5268_1921_group1,48,2
5327,1728,B6_5327_1728_group1,49,3
5328,1728,B6_5328_1728_group1,49,3
5610,2045,B6_5610_2045_group1,54,2
5987,2137,B6_5987_2137_group1,61,3
6035,2069,B6_6035_2069_group1,62,2
6257,2259,B6_6257_2259_group1,66,2
7335,2677,B6_7335_2677_group1,87,2
7351,2571,B6_7351_2571_group1,86,2
7439,2571,B6_7439_2571_group1,87,2
7509,2206,B6_7509_2206_group1,89,2
7661,2738,B6_7661_2738_group1,91,2
7753,2552,B6_7753_2552_group1,93,2
7778,2806,B6_7778_2806_group1,94,2
7817,2816,B6_7817_2816_group1,94,2
7823,2731,B6_7823_2731_group1,94,6
7873,2636,B6_7873_2636_group1,95,2
7920,2815,B6_7920_2815_group1,98,3
7930,2453,B6_7930_2453_group1,96,2
7946,2806,B6_7946_2806_group1,97,2
8129,2629,B6_8129_2629_group1,100,2
8190,2849,B6_8190_2849_group1,101,3
8191,2731,B6_8191_2731_group1,101,3
8449,3046,B6_8449_3046_group1,107,2
8608,2986,B6_8608_2986_group1,109,3
8715,3101,B6_8715_3101_group1,111,2
8825,3146,B6_8825_3146_group1,114,2
9093,3146,B6_9093_3146_group1,117,2
9259,2815,B6_9259_2815_group1,120,2
10184,3215,B7_10184_3215_group1,104,4
10325,933,B7_10325_933_group1,106,2
10743,3215,B7_10743_3215_group1,111,3
10984,3287,B7_10984_3287_group1,114,2
11184,3444,B7_11184_3444_group1,117,11
11470,3502,B7_11470_3502_group1,121,2
11500,3497,B7_11500_3497_group1,121,2
11980,3574,B7_11980_3574_group1,128,20
12164,3624,B7_12164_3624_group1,130,5
12196,3666,B7_12196_3666_group1,130,2
12339,3678,B7_12339_3678_group1,132,2
12572,3707,B7_12572_3707_group1,135,3
12598,3028,B7_12598_3028_group1,136,2
12728,3624,B7_12728_3624_group1,137,2
12929,3624,B7_12929_3624_group1,140,5
13011,3760,B7_13011_3760_group1,141,2
13394,3624,B7_13394_3624_group1,146,3
13425,3868,B7_13425_3868_group1,148,2
13727,3624,B7_13727_3624_group1,151,3
14304,4043,B7_14304_4043_group1,158,3
14416,4066,B7_14416_4066_group1,159,3
14530,4145,B7_14530_4145_group1,164,5
14929,4184,B7_14929_4184_group1,166,6
15092,4213,B7_15092_4213_group1,168,9
15092,4396,B7_15092_4396_group1,179,6
15353,4260,B7_15353_4260_group1,171,6
15473,4234,B7_15473_4234_group1,172,2
15755,4373,B7_15755_4373_group1,177,2
15949,4610,B7_15949_4610_group1,193,2
15949,4661,B7_15949_4661_group1,196,4
15949,4740,B7_15949_4740_group1,201,6
16010,4383,B7_16010_4383_group1,179,4
16254,4260,B7_16254_4260_group1,182,23
16832,4477,B7_16832_4477_group1,187,16
16953,4537,B7_16953_4537_group1,188,2
17457,1842,B7_17457_1842_group1,193,2
17585,4738,B7_17585_4738_group1,200,2
17706,4663,B7_17706_4663_group1,196,9
17922,4687,B7_17922_4687_group1,197,2
18392,1842,B7_18392_1842_group1,202,12
18503,4687,B7_18503_4687_group1,203,2
18568,4477,B7_18568_4477_group1,204,2
18641,4757,B7_18641_4757_group1,205,2
18800,4692,B7_18800_4692_group1,207,2
18832,4784,B7_18832_4784_group1,207,2
18854,4860,B7_18854_4860_group1,207,2
19000,4546,B7_19000_4546_group1,209,2
19117,4797,B7_19117_4797_group1,210,2
19263,4640,B7_19263_4640_group1,212,8
19494,4797,B7_19494_4797_group1,214,2
19597,4670,B7_19597_4670_group1,215,2
19704,4757,B7_19704_4757_group1,216,2
19736,1842,B7_19736_1842_group1,216,6
19987,5021,B7_19987_5021_group1,219,2
20175,4640,B7_20175_4640_group1,221,2
20441,1842,B7_20441_1842_group1,224,5
20482,4640,B7_20482_4640_group1,224,5
21164,5196,B7_21164_5196_group1,231,2
21296,5200,B7_21296_5200_group1,231,2
21317,5210,B7_21317_5210_group1,232,2
21984,5153,B7_21984_5153_group1,237,3
22101,5276,B7_22101_5276_group1,239,3
22107,4640,B7_22107_4640_group1,239,4
22185,5317,B7_22185_5317_group1,239,2
22233,4546,B7_22233_4546_group1,240,5
22356,5322,B7_22356_5322_group1,241,2
22529,5353,B7_22529_5353_group1,242,6
22577,4640,B7_22577_4640_group1,243,4
22658,5388,B7_22658_5388_group1,244,4
22716,5386,B7_22716_5386_group1,244,4
22716,5475,B7_22716_5475_group1,249,2
22985,4546,B7_22985_4546_group1,246,3
23282,5243,B7_23282_5243_group1,248,15
23461,4546,B7_23461_4546_group1,250,6
23802,5475,B7_23802_5475_group1,252,2
24087,5557,B7_24087_5557_group1,256,2
24219,5564,B7_24219_5564_group1,256,2
24265,4546,B7_24265_4546_group1,257,2
24399,5507,B7_24399_5507_group1,258,2
24535,5630,B7_24535_5630_group1,260,2
24566,5593,B7_24566_5593_group1,259,4
24566,5697,B7_24566_5697_group1,264,2
24733,4546,B7_24733_4546_group1,261,11
24747,5507,B7_24747_5507_group1,261,3
24798,5595,B7_24798_5595_group1,261,2
24908,5648,B7_24908_5648_group1,262,2
25157,5680,B7_25157_5680_group1,264,2
25358,5243,B7_25358_5243_group1,266,2
25465,5552,B7_25465_5552_group1,267,4
25530,5680,B7_25530_5680_group1,267,5
25607,5804,B7_25607_5804_group1,270,2
26105,5552,B7_26105_5552_group1,272,3
26157,5682,B7_26157_5682_group1,272,2
26225,5846,B7_26225_5846_group1,273,6
26236,4546,B7_26236_4546_group1,273,8
26311,5243,B7_26311_5243_group1,273,6
26568,5788,B7_26568_5788_group1,275,2
26639,5936,B7_26639_5936_group1,277,2
26692,5901,B7_26692_5901_group1,276,7
26811,5922,B7_26811_5922_group1,278,2
27304,5943,B7_27304_5943_group1,281,6
27322,6138,B7_27322_6138_group1,289,2
27441,6002,B7_27441_6002_group1,283,5
27490,6065,B7_27490_6065_group1,285,2
27490,6142,B7_27490_6142_group1,289,3
27653,6014,B7_27653_6014_group1,284,3
27664,5901,B7_27664_5901_group1,284,3
27730,6107,B7_27730_6107_group1,287,12
27908,6081,B7_27908_6081_group1,286,3
28067,6029,B7_28067_6029_group1,291,2
28067,6099,B7_28067_6099_group1,288,3
28114,6024,B7_28114_6024_group1,289,2
28156,6014,B7_28156_6014_group1,288,2
28653,6014,B7_28653_6014_group1,291,3
28653,6261,B7_28653_6261_group1,295,6
28783,6196,B7_28783_6196_group1,292,2
28783,6247,B7_28783_6247_group1,295,2
28854,5901,B7_28854_5901_group1,292,9
29204,5953,B7_29204_5953_group1,297,3
29255,6263,B7_29255_6263_group1,295,5
29410,6161,B7_29410_6161_group1,297,2
29431,5953,B7_29431_5953_group1,297,2
29690,6290,B7_29690_6290_group1,299,2
3521,1410,B7_3521_1410_group1,1,2
3576,1387,B7_3576_1387_group1,1,3
3608,1318,B7_3608_1318_group1,2,5
3701,366,B7_3701_366_group1,3,2
3821,1413,B7_3821_1413_group1,6,2
3831,1318,B7_3831_1318_group1,6,3
3913,1461,B7_3913_1461_group1,7,3
3915,1387,B7_3915_1387_group1,7,12
3957,1318,B7_3957_1318_group1,8,3
4004,1567,B7_4004_1567_group1,9,2
4097,1609,B7_4097_1609_group1,11,5
4296,1696,B7_4296_1696_group1,15,14
4368,1717,B7_4368_1717_group1,16,3
4395,1805,B7_4395_1805_group1,20,2
4458,1805,B7_4458_1805_group1,20,2
4463,1630,B7_4463_1630_group1,17,2
4714,1842,B7_4714_1842_group1,22,4
4733,1823,B7_4733_1823_group1,24,2
4957,1842,B7_4957_1842_group1,27,4
5115,1630,B7_5115_1630_group1,29,2
5143,2008,B7_5143_2008_group1,30,16
5217,1696,B7_5217_1696_group1,31,2
5381,1842,B7_5381_1842_group1,34,35
5472,2125,B7_5472_2125_group1,36,2
5518,1178,B7_5518_1178_group1,37,2
5726,2212,B7_5726_2212_group1,40,2
6082,2300,B7_6082_2300_group1,46,3
6121,2008,B7_6121_2008_group1,47,8
6440,2336,B7_6440_2336_group1,52,2
6452,2134,B7_6452_2134_group1,52,13
6645,2471,B7_6645_2471_group1,56,2
6762,2008,B7_6762_2008_group1,58,3
6775,2400,B7_6775_2400_group1,58,2
7334,2817,B7_7334_2817_group1,76,3
7353,2674,B7_7353_2674_group1,68,2
7688,1842,B7_7688_1842_group1,70,23
7923,2668,B7_7923_2668_group1,74,3
8050,2813,B7_8050_2813_group1,76,2
8383,2793,B7_8383_2793_group1,81,2
9480,1842,B7_9480_1842_group1,95,96
9931,3241,B7_9931_3241_group1,104,2
9931,3287,B7_9931_3287_group1,107,3
10662,2658,B8_10662_2658_group1,97,2
11192,2712,B8_11192_2712_group1,104,2
11439,2712,B8_11439_2712_group1,107,2
11568,2776,B8_11568_2776_group1,108,4
11701,2712,B8_11701_2712_group1,110,2
12060,2712,B8_12060_2712_group1,114,3
12191,2863,B8_12191_2863_group1,115,6
12694,1584,B8_12694_1584_group1,121,3
13736,2863,B8_13736_2863_group1,132,3
14094,3062,B8_14094_3062_group1,137,3
14229,2863,B8_14229_2863_group1,136,3
14730,3116,B8_14730_3116_group1,140,5
14855,2562,B8_14855_2562_group1,141,4
15463,3182,B8_15463_3182_group1,147,4
15570,3186,B8_15570_3186_group1,148,13
15570,3372,B8_15570_3372_group1,162,3
16316,3303,B8_16316_3303_group1,156,2
17139,3323,B8_17139_3323_group1,163,4
17364,3392,B8_17364_3392_group1,165,2
17394,2654,B8_17394_2654_group1,165,2
18117,3477,B8_18117_3477_group1,172,9
18293,3641,B8_18293_3641_group1,189,3
18360,3392,B8_18360_3392_group1,174,2
18548,3503,B8_18548_3503_group1,176,4
18920,3495,B8_18920_3495_group1,179,2
19257,3477,B8_19257_3477_group1,182,4
19257,3626,B8_19257_3626_group1,187,5
19513,3590,B8_19513_3590_group1,185,2
20136,3632,B8_20136_3632_group1,190,6
20305,2700,B8_20305_2700_group1,192,2
20321,3677,B8_20321_3677_group1,192,3
20451,3695,B8_20451_3695_group1,193,3
20492,3690,B8_20492_3690_group1,193,16
20492,3967,B8_20492_3967_group1,212,13
20886,2700,B8_20886_2700_group1,197,2
20905,3749,B8_20905_3749_group1,197,3
21234,3772,B8_21234_3772_group1,200,2
21333,3545,B8_21333_3545_group1,201,3
21349,2700,B8_21349_2700_group1,201,2
21491,3749,B8_21491_3749_group1,202,3
21547,3847,B8_21547_3847_group1,205,2
21875,3545,B8_21875_3545_group1,205,2
22396,2700,B8_22396_2700_group1,212,2
22399,3933,B8_22399_3933_group1,210,2
22409,3816,B8_22409_3816_group1,209,2
22478,3900,B8_22478_3900_group1,209,4
22597,3847,B8_22597_3847_group1,210,2
22598,3926,B8_22598_3926_group1,210,2
22629,3545,B8_22629_3545_group1,211,4
22971,3847,B8_22971_3847_group1,215,2
23102,3926,B8_23102_3926_group1,214,3
23652,3847,B8_23652_3847_group1,218,18
23696,2700,B8_23696_2700_group1,219,2
23934,3900,B8_23934_3900_group1,220,2
24388,4309,B8_24388_4309_group1,239,2
25254,3900,B8_25254_3900_group1,230,3
25582,4665,B8_25582_4665_group1,268,2
26148,4294,B8_26148_4294_group1,237,2
26246,3847,B8_26246_3847_group1,238,4
26263,4288,B8_26263_4288_group1,237,3
26726,4040,B8_26726_4040_group1,240,5
26975,4340,B8_26975_4340_group1,242,5
27195,3847,B8_27195_3847_group1,243,2
27212,4288,B8_27212_4288_group1,243,5
27232,4327,B8_27232_4327_group1,243,2
27356,4376,B8_27356_4376_group1,244,3
27508,1965,B8_27508_1965_group1,245,2
27670,3847,B8_27670_3847_group1,246,4
27884,4327,B8_27884_4327_group1,247,4
28190,4470,B8_28190_4470_group1,251,2
28443,3847,B8_28443_3847_group1,251,2
28454,4468,B8_28454_4468_group1,251,2
28581,4145,B8_28581_4145_group1,252,3
28921,3847,B8_28921_3847_group1,254,2
29326,3847,B8_29326_3847_group1,257,6
29463,4498,B8_29463_4498_group1,258,3
29590,4040,B8_29590_4040_group1,260,8
29590,4680,B8_29590_4680_group1,269,2
29658,4558,B8_29658_4558_group1,260,2
29929,4575,B8_29929_4575_group1,261,2
30311,4671,B8_30311_4671_group1,268,2
30535,4644,B8_30535_4644_group1,265,2
30634,4634,B8_30634_4634_group1,266,2
30688,4644,B8_30688_4644_group1,267,3
30734,3847,B8_30734_3847_group1,266,3
30941,3847,B8_30941_3847_group1,277,24
31184,4810,B8_31184_4810_group1,278,3
31440,4711,B8_31440_4711_group1,271,3
31495,4644,B8_31495_4644_group1,271,2
31967,4680,B8_31967_4680_group1,274,3
31969,3847,B8_31969_3847_group1,274,3
32329,4887,B8_32329_4887_group1,284,2
32684,4342,B8_32684_4342_group1,279,2
32864,4880,B8_32864_4880_group1,283,2
33195,4342,B8_33195_4342_group1,282,3
33198,4880,B8_33198_4880_group1,283,2
33738,4921,B8_33738_4921_group1,285,2
34183,4998,B8_34183_4998_group1,291,10
34649,4922,B8_34649_4922_group1,290,2
34657,4996,B8_34657_4996_group1,290,11
34663,4990,B8_34663_4990_group1,290,3
34801,5069,B8_34801_5069_group1,295,2
34821,5014,B8_34821_5014_group1,291,2
35092,5027,B8_35092_5027_group1,292,3
35323,4974,B8_35323_4974_group1,294,2
35616,5077,B8_35616_5077_group1,295,4
35617,4991,B8_35617_4991_group1,295,4
35626,5078,B8_35626_5078_group1,296,2
35626,5124,B8_35626_5124_group1,299,2
36048,4974,B8_36048_4974_group1,298,2
36288,5129,B8_36288_5129_group1,299,2
4656,1538,B8_4656_1538_group1,24,2
5626,1629,B8_5626_1629_group1,29,4
6003,1746,B8_6003_1746_group1,37,2
6934,1922,B8_6934_1922_group1,49,2
6965,1584,B8_6965_1584_group1,50,15
7729,1923,B8_7729_1923_group1,61,6
7979,618,B8_7979_618_group1,65,2
8024,1584,B8_8024_1584_group1,66,3
8616,2059,B8_8616_2059_group1,73,6
9030,1444,B8_9030_1444_group1,78,2
9793,2540,B8_9793_2540_group1,88,3
9833,2522,B8_9833_2522_group1,88,2
10087,2368,B9_10087_2368_group1,78,2
10281,1654,B9_10281_1654_group1,81,2
10404,2528,B9_10404_2528_group1,90,12
10453,2444,B9_10453_2444_group1,84,4
10591,2369,B9_10591_2369_group1,86,2
10710,2538,B9_10710_2538_group1,91,2
11022,2533,B9_11022_2533_group1,91,2
11098,2444,B9_11098_2444_group1,92,2
11150,2575,B9_11150_2575_group1,93,6
11669,2533,B9_11669_2533_group1,100,2
11806,2633,B9_11806_2633_group1,102,7
11986,2528,B9_11986_2528_group1,104,2
12030,2551,B9_12030_2551_group1,104,2
12520,2633,B9_12520_2633_group1,110,14
12520,2953,B9_12520_2953_group1,124,4
12890,2735,B9_12890_2735_group1,113,3
12956,2831,B9_12956_2831_group1,114,4
13627,2976,B9_13627_2976_group1,124,2
13905,2971,B9_13905_2971_group1,124,10
14451,3018,B9_14451_3018_group1,127,6
14596,3012,B9_14596_3012_group1,129,2
15613,3117,B9_15613_3117_group1,138,2
15984,3173,B9_15984_3173_group1,141,3
16208,3214,B9_16208_3214_group1,144,10
16208,3376,B9_16208_3376_group1,156,2
16578,3202,B9_16578_3202_group1,147,3
16954,3202,B9_16954_3202_group1,150,2
17089,3328,B9_17089_3328_group1,153,3
17205,2833,B9_17205_2833_group1,151,2
17609,2833,B9_17609_2833_group1,154,2
18053,3457,B9_18053_3457_group1,162,5
18441,3202,B9_18441_3202_group1,162,2
18610,2833,B9_18610_2833_group1,163,2
18854,3502,B9_18854_3502_group1,166,3
19075,3457,B9_19075_3457_group1,168,3
19331,3533,B9_19331_3533_group1,170,4
19333,3468,B9_19333_3468_group1,170,7
19834,3585,B9_19834_3585_group1,175,2
20022,3583,B9_20022_3583_group1,176,3
20074,3533,B9_20074_3533_group1,177,4
20227,3612,B9_20227_3612_group1,178,2
20244,3585,B9_20244_3585_group1,179,6
20359,3561,B9_20359_3561_group1,180,2
20367,3707,B9_20367_3707_group1,182,2
20619,3657,B9_20619_3657_group1,182,2
20739,3561,B9_20739_3561_group1,183,3
20825,3583,B9_20825_3583_group1,183,5
20947,3748,B9_20947_3748_group1,185,3
20947,3793,B9_20947_3793_group1,189,2
21135,3717,B9_21135_3717_group1,186,2
21151,3561,B9_21151_3561_group2,189,4
21151,3842,B9_21151_3842_group1,193,4
21763,3585,B9_21763_3585_group1,193,2
21994,3849,B9_21994_3849_group1,193,3
22047,3956,B9_22047_3956_group1,201,2
22395,3862,B9_22395_3862_group1,195,2
22407,3878,B9_22407_3878_group1,195,2
22552,3926,B9_22552_3926_group1,199,2
23001,3849,B9_23001_3849_group1,200,2
23233,2697,B9_23233_2697_group1,201,3
23235,3919,B9_23235_3919_group1,201,2
23461,3934,B9_23461_3934_group1,203,5
23637,4017,B9_23637_4017_group1,207,2
23732,3848,B9_23732_3848_group1,206,2
23791,3839,B9_23791_3839_group1,206,5
23829,3846,B9_23829_3846_group1,207,2
24316,3849,B9_24316_3849_group1,211,3
24592,4088,B9_24592_4088_group1,214,2
24691,3839,B9_24691_3839_group1,214,2
24800,3919,B9_24800_3919_group1,215,2
25171,4135,B9_25171_4135_group1,218,6
26600,4135,B9_26600_4135_group1,228,9
26674,4276,B9_26674_4276_group1,229,16
26697,4267,B9_26697_4267_group1,229,2
26785,4296,B9_26785_4296_group1,230,3
26785,4349,B9_26785_4349_group1,235,2
26785,4395,B9_26785_4395_group1,238,8
26963,4243,B9_26963_4243_group1,231,2
27202,4335,B9_27202_4335_group1,234,3
27290,4308,B9_27290_4308_group1,234,2
27948,4376,B9_27948_4376_group1,238,2
28032,4393,B9_28032_4393_group1,239,2
28058,4391,B9_28058_4391_group1,239,6
28152,4413,B9_28152_4413_group1,240,2
28503,4432,B9_28503_4432_group1,243,8
28552,4446,B9_28552_4446_group1,243,2
28554,4462,B9_28554_4462_group1,244,2
28916,4479,B9_28916_4479_group1,246,5
28941,4276,B9_28941_4276_group1,246,3
29042,4478,B9_29042_4478_group1,247,3
29449,4499,B9_29449_4499_group1,249,3
29480,4524,B9_29480_4524_group1,249,2
29495,4391,B9_29495_4391_group1,249,5
29583,4276,B9_29583_4276_group1,250,31
29711,4555,B9_29711_4555_group1,251,2
29711,4581,B9_29711_4581_group1,253,5
29944,4524,B9_29944_4524_group1,252,4
30041,4499,B9_30041_4499_group1,253,4
30478,4623,B9_30478_4623_group1,256,5
30516,4621,B9_30516_4621_group1,257,2
30738,4642,B9_30738_4642_group1,258,32
30743,4627,B9_30743_4627_group1,258,18
30873,4649,B9_30873_4649_group1,259,5
30913,4621,B9_30913_4621_group1,260,13
31067,4665,B9_31067_4665_group1,261,4
31258,4688,B9_31258_4688_group1,262,10
31454,4720,B9_31454_4720_group1,264,2
31609,4687,B9_31609_4687_group1,265,3
31609,4762,B9_31609_4762_group1,268,9
31697,4314,B9_31697_4314_group1,265,2
31729,4665,B9_31729_4665_group1,266,2
31808,4729,B9_31808_4729_group1,266,2
31841,4758,B9_31841_4758_group1,268,16
31880,4726,B9_31880_4726_group1,267,2
32140,4769,B9_32140_4769_group1,269,5
32415,4561,B9_32415_4561_group1,270,2
32754,4688,B9_32754_4688_group1,273,3
32780,4722,B9_32780_4722_group1,273,2
33294,4627,B9_33294_4627_group1,277,5
33741,4890,B9_33741_4890_group1,281,3
33928,4276,B9_33928_4276_group1,282,2
34096,4276,B9_34096_4276_group1,284,17
34161,4627,B9_34161_4627_group1,283,9
34338,4953,B9_34338_4953_group1,285,2
34346,4758,B9_34346_4758_group1,284,2
34412,4890,B9_34412_4890_group1,285,7
34412,5045,B9_34412_5045_group1,293,6
34438,4916,B9_34438_4916_group1,285,16
35092,4758,B9_35092_4758_group1,289,6
35524,4468,B9_35524_4468_group1,292,4
35526,4585,B9_35526_4585_group1,292,4
35663,4627,B9_35663_4627_group1,293,8
36057,5090,B9_36057_5090_group1,296,2
4317,1093,B9_4317_1093_group1,1,2
4378,1109,B9_4378_1109_group1,3,2
4408,1150,B9_4408_1150_group1,2,2
4440,1157,B9_4440_1157_group1,3,2
4550,1130,B9_4550_1130_group1,4,2
4689,1015,B9_4689_1015_group1,7,2
4979,1273,B9_4979_1273_group1,9,5
5090,1279,B9_5090_1279_group1,11,2
5369,1273,B9_5369_1273_group1,15,8
5632,873,B9_5632_873_group1,19,2
5694,826,B9_5694_826_group1,20,2
6063,1273,B9_6063_1273_group1,24,10
6074,826,B9_6074_826_group1,25,2
6086,873,B9_6086_873_group1,25,3
6091,1568,B9_6091_1568_group1,25,4
6126,1325,B9_6126_1325_group1,26,3
6718,1731,B9_6718_1731_group1,34,2
7225,1568,B9_7225_1568_group1,41,2
7840,873,B9_7840_873_group1,50,5
8163,2049,B9_8163_2049_group1,54,4
8369,873,B9_8369_873_group1,57,2
8578,873,B9_8578_873_group1,60,5
8676,1998,B9_8676_1998_group1,61,3
9181,873,B9_9181_873_group1,68,2
9347,2224,B9_9347_2224_group1,70,2
9360,2047,B9_9360_2047_group1,70,2
9557,2305,B9_9557_2305_group1,72,3
9572,2268,B9_9572_2268_group1,73,2
9604,1197,B9_9604_1197_group1,73,2
9614,2224,B9_9614_2224_group1,73,2
9624,2047,B9_9624_2047_group1,73,2
10077,3159,E3_10077_3159_group1,118,15
10133,3567,E3_10133_3567_group1,119,2
10158,3545,E3_10158_3545_group1,120,3
10251,3562,E3_10251_3562_group1,121,2
10260,3574,E3_10260_3574_group1,121,8
10401,2856,E3_10401_2856_group1,123,2
10599,3573,E3_10599_3573_group1,126,3
10616,3645,E3_10616_3645_group1,126,2
10680,2159,E3_10680_2159_group1,127,3
10715,3588,E3_10715_3588_group1,128,3
10770,3689,E3_10770_3689_group1,128,10
10793,3703,E3_10793_3703_group1,129,11
10889,3574,E3_10889_3574_group1,130,12
10948,3636,E3_10948_3636_group1,131,3
11016,3588,E3_11016_3588_group1,132,5
11113,2159,E3_11113_2159_group1,133,2
11138,3746,E3_11138_3746_group1,133,4
11257,3870,E3_11257_3870_group1,140,3
11329,3159,E3_11329_3159_group1,136,2
11408,3636,E3_11408_3636_group1,137,2
11753,3860,E3_11753_3860_group1,141,2
11865,3301,E3_11865_3301_group1,142,3
11911,3574,E3_11911_3574_group1,143,9
11937,3825,E3_11937_3825_group1,143,2
12057,3159,E3_12057_3159_group1,145,9
12138,3860,E3_12138_3860_group1,146,3
12256,3610,E3_12256_3610_group1,147,2
12283,3981,E3_12283_3981_group1,147,2
12379,3301,E3_12379_3301_group1,148,2
12501,4028,E3_12501_4028_group1,150,3
12721,3574,E3_12721_3574_group1,153,7
12972,4127,E3_12972_4127_group1,156,2
13031,4155,E3_13031_4155_group1,157,2
13060,4123,E3_13060_4123_group1,157,5
13163,3317,E3_13163_3317_group1,158,2
13173,3159,E3_13173_3159_group1,158,4
13205,4174,E3_13205_4174_group1,159,25
13311,3317,E3_13311_3317_group1,160,2
13321,4191,E3_13321_4191_group1,160,4
13365,3574,E3_13365_3574_group1,161,7
13608,2933,E3_13608_2933_group1,163,2
13772,4191,E3_13772_4191_group1,165,5
14139,4351,E3_14139_4351_group1,169,2
14198,4355,E3_14198_4355_group1,170,3
14328,3184,E3_14328_3184_group1,171,2
14590,4355,E3_14590_4355_group1,174,2
14643,4413,E3_14643_4413_group1,174,7
14701,3166,E3_14701_3166_group1,175,2
14774,4302,E3_14774_4302_group1,176,2
15166,3166,E3_15166_3166_group1,179,3
15191,4500,E3_15191_4500_group1,179,2
15338,4505,E3_15338_4505_group1,181,4
15400,4488,E3_15400_4488_group1,181,2
15460,4413,E3_15460_4413_group1,182,19
15863,4707,E3_15863_4707_group1,190,2
16322,4690,E3_16322_4690_group1,192,2
17036,4839,E3_17036_4839_group1,198,2
17092,4765,E3_17092_4765_group1,210,2
17115,4773,E3_17115_4773_group1,199,6
17454,4906,E3_17454_4906_group1,202,4
17489,4761,E3_17489_4761_group1,203,2
17495,4174,E3_17495_4174_group1,203,30
17523,4358,E3_17523_4358_group1,203,2
17734,4933,E3_17734_4933_group1,205,7
17851,4773,E3_17851_4773_group1,206,3
17852,4956,E3_17852_4956_group1,206,15
17961,4906,E3_17961_4906_group1,207,3
17963,4996,E3_17963_4996_group1,208,2
18057,5023,E3_18057_5023_group1,210,2
18337,4906,E3_18337_4906_group1,211,2
18339,5032,E3_18339_5032_group1,211,2
18496,4765,E3_18496_4765_group1,213,6
18510,4358,E3_18510_4358_group1,214,3
18544,5023,E3_18544_5023_group1,213,2
18784,5101,E3_18784_5101_group1,216,2
18821,4906,E3_18821_4906_group1,216,2
18821,5176,E3_18821_5176_group1,219,2
18936,4919,E3_18936_4919_group1,217,3
19020,5444,E3_19020_5444_group1,233,2
19084,4812,E3_19084_4812_group1,219,3
19134,5178,E3_19134_5178_group1,219,2
19210,5224,E3_19210_5224_group1,222,2
19473,4956,E3_19473_4956_group1,222,5
19565,4765,E3_19565_4765_group1,223,37
19593,5214,E3_19593_5214_group1,224,2
19824,5224,E3_19824_5224_group1,225,3
20005,5107,E3_20005_5107_group1,227,2
20191,5337,E3_20191_5337_group1,228,2
20268,5224,E3_20268_5224_group1,229,3
20277,4956,E3_20277_4956_group1,229,2
20410,5359,E3_20410_5359_group1,230,3
20410,5462,E3_20410_5462_group1,234,4
20625,5419,E3_20625_5419_group1,232,2
20654,5341,E3_20654_5341_group1,232,14
20784,4174,E3_20784_4174_group1,234,2
21107,4174,E3_21107_4174_group1,237,4
21156,5499,E3_21156_5499_group1,237,2
21159,5224,E3_21159_5224_group1,237,5
21174,5510,E3_21174_5510_group1,237,3
21213,5494,E3_21213_5494_group1,237,2
21384,5528,E3_21384_5528_group1,239,3
21386,5553,E3_21386_5553_group1,239,3
21723,5445,E3_21723_5445_group1,242,2
21937,5657,E3_21937_5657_group1,247,3
22242,5658,E3_22242_5658_group1,247,2
22462,5695,E3_22462_5695_group1,249,3
22629,5715,E3_22629_5715_group1,250,7
22758,5730,E3_22758_5730_group1,251,2
22865,5752,E3_22865_5752_group1,252,2
23082,5787,E3_23082_5787_group1,254,2
23099,5813,E3_23099_5813_group1,256,19
23108,5845,E3_23108_5845_group1,258,2
23547,5842,E3_23547_5842_group1,258,43
23550,5715,E3_23550_5715_group1,258,3
23677,5853,E3_23677_5853_group1,259,5
23677,5993,E3_23677_5993_group1,269,3
23840,4765,E3_23840_4765_group1,261,16
24009,5737,E3_24009_5737_group1,262,39
24601,5900,E3_24601_5900_group1,267,4
25842,6138,E3_25842_6138_group1,276,23
26198,4765,E3_26198_4765_group1,279,22
26250,5813,E3_26250_5813_group1,279,22
26323,6091,E3_26323_6091_group1,280,7
26347,6177,E3_26347_6177_group1,280,2
26369,6202,E3_26369_6202_group1,280,8
26543,6151,E3_26543_6151_group1,281,2
27410,6287,E3_27410_6287_group1,288,3
27506,6369,E3_27506_6369_group1,289,6
27910,6287,E3_27910_6287_group1,292,3
27910,6458,E3_27910_6458_group1,295,6
28391,6387,E3_28391_6387_group1,296,3
28594,6459,E3_28594_6459_group1,297,2
28595,6354,E3_28595_6354_group1,297,2
2917,1441,E3_2917_1441_group1,1,2
2917,1609,E3_2917_1609_group1,4,2
3188,1602,E3_3188_1602_group1,4,3
3351,261,E3_3351_261_group1,8,3
3378,1586,E3_3378_1586_group1,6,2
3566,1735,E3_3566_1735_group1,12,4
3715,1763,E3_3715_1763_group1,14,5
3715,1909,E3_3715_1909_group1,22,4
4137,1917,E3_4137_1917_group1,23,2
4552,261,E3_4552_261_group1,31,4
4796,2148,E3_4796_2148_group1,35,3
4891,2122,E3_4891_2122_group1,37,2
4927,2205,E3_4927_2205_group1,38,2
4977,2148,E3_4977_2148_group1,39,2
4989,2258,E3_4989_2258_group1,40,2
4990,2258,E3_4990_2258_group1,40,2
5065,2205,E3_5065_2205_group1,41,4
5109,2148,E3_5109_2148_group1,42,4
5118,2297,E3_5118_2297_group1,42,3
6223,2230,E3_6223_2230_group1,63,4
6584,1937,E3_6584_1937_group1,68,2
6608,2792,E3_6608_2792_group1,70,2
6846,2778,E3_6846_2778_group1,71,3
7028,2854,E3_7028_2854_group1,74,21
7097,1634,E3_7097_1634_group1,75,2
7119,2884,E3_7119_2884_group1,75,2
7195,2826,E3_7195_2826_group1,76,2
7286,2884,E3_7286_2884_group1,78,9
7391,2826,E3_7391_2826_group1,82,2
7396,2826,E3_7396_2826_group1,79,2
8005,2884,E3_8005_2884_group1,89,2
8027,3131,E3_8027_3131_group1,89,21
8255,1941,E3_8255_1941_group1,93,2
8404,3199,E3_8404_3199_group1,95,5
8421,3225,E3_8421_3225_group1,95,3
8584,3180,E3_8584_3180_group1,97,7
8637,3218,E3_8637_3218_group1,98,2
8658,3188,E3_8658_3188_group1,98,5
8807,2854,E3_8807_2854_group1,101,2
9001,3218,E3_9001_3218_group1,103,3
9043,3312,E3_9043_3312_group1,103,6
9056,2854,E3_9056_2854_group1,104,18
9166,3180,E3_9166_3180_group1,105,26
9375,3159,E3_9375_3159_group1,108,2
9561,3159,E3_9561_3159_group1,111,2
9562,3131,E3_9562_3131_group1,111,2
9768,3159,E3_9768_3159_group1,114,2
9772,3484,E3_9772_3484_group1,114,2
9790,3493,E3_9790_3493_group1,116,4
9790,3588,E3_9790_3588_group1,121,4
9817,2159,E3_9817_2159_group1,115,6
9907,3521,E3_9907_3521_group1,116,2
10000,3878,E4_10000_3878_group1,129,2
10111,3833,E4_10111_3833_group1,128,2
10345,3900,E4_10345_3900_group1,132,2
10345,4027,E4_10345_4027_group1,137,4
10601,3833,E4_10601_3833_group1,135,2
11039,4102,E4_11039_4102_group1,142,3
11115,4027,E4_11115_4027_group1,144,3
12117,4334,E4_12117_4334_group1,158,2
12204,4304,E4_12204_4304_group1,159,7
12343,4361,E4_12343_4361_group1,161,3
12380,2632,E4_12380_2632_group1,162,2
12508,4380,E4_12508_4380_group1,163,3
12722,4199,E4_12722_4199_group1,166,2
12808,4830,E4_12808_4830_group1,182,2
12850,4533,E4_12850_4533_group1,167,2
13275,4778,E4_13275_4778_group1,180,3
13275,4860,E4_13275_4860_group1,184,2
13275,5010,E4_13275_5010_group1,193,4
13275,5094,E4_13275_5094_group1,198,2
13275,5214,E4_13275_5214_group1,205,3
13379,4304,E4_13379_4304_group1,174,2
13522,4717,E4_13522_4717_group1,177,4
13586,4689,E4_13586_4689_group1,177,3
13609,4304,E4_13609_4304_group1,177,7
13856,4796,E4_13856_4796_group1,181,2
13871,4748,E4_13871_4748_group1,181,2
13923,4814,E4_13923_4814_group1,181,3
14235,4895,E4_14235_4895_group1,186,3
14302,4814,E4_14302_4814_group1,185,5
14312,4888,E4_14312_4888_group1,185,5
14473,4807,E4_14473_4807_group1,187,2
14496,4304,E4_14496_4304_group1,187,3
14514,3094,E4_14514_3094_group1,187,2
14568,4822,E4_14568_4822_group1,188,5
14570,4900,E4_14570_4900_group1,188,10
14648,4903,E4_14648_4903_group1,189,16
14899,4304,E4_14899_4304_group1,192,3
14995,4870,E4_14995_4870_group1,193,2
15131,5013,E4_15131_5013_group1,195,6
15161,5018,E4_15161_5018_group1,195,3
15241,4304,E4_15241_4304_group1,196,4
15347,5118,E4_15347_5118_group1,199,4
15447,5119,E4_15447_5119_group1,199,5
15521,5117,E4_15521_5117_group1,200,2
15594,5147,E4_15594_5147_group1,201,3
15754,4304,E4_15754_4304_group1,203,3
15799,5117,E4_15799_5117_group1,204,2
16139,5147,E4_16139_5147_group1,208,2
16246,5117,E4_16246_5117_group1,209,7
16538,5350,E4_16538_5350_group1,212,2
16539,5352,E4_16539_5352_group1,212,4
16557,5299,E4_16557_5299_group1,212,2
16825,4386,E4_16825_4386_group1,215,2
16835,5299,E4_16835_5299_group1,215,2
16978,5352,E4_16978_5352_group1,217,14
17139,5499,E4_17139_5499_group1,220,3
17348,5527,E4_17348_5527_group1,221,2
17357,5490,E4_17357_5490_group1,221,2
17378,5528,E4_17378_5528_group1,221,2
17425,5457,E4_17425_5457_group1,222,11
17517,5497,E4_17517_5497_group1,223,5
17690,5490,E4_17690_5490_group1,225,3
17852,5444,E4_17852_5444_group1,227,2
18083,5490,E4_18083_5490_group1,229,4
18369,5352,E4_18369_5352_group1,232,7
18391,5518,E4_18391_5518_group1,232,2
18567,5490,E4_18567_5490_group1,234,3
18591,5697,E4_18591_5697_group1,234,3
18661,5457,E4_18661_5457_group1,235,3
18840,5737,E4_18840_5737_group1,237,3
18956,5490,E4_18956_5490_group1,238,2
19037,5457,E4_19037_5457_group1,239,6
19076,5832,E4_19076_5832_group1,239,2
19349,5352,E4_19349_5352_group1,242,4
19349,6056,E4_19349_6056_group1,251,4
19396,5832,E4_19396_5832_group1,242,2
19539,5882,E4_19539_5882_group1,244,5
19674,5490,E4_19674_5490_group1,245,2
19677,3663,E4_19677_3663_group1,245,2
19701,5832,E4_19701_5832_group1,245,2
19757,5962,E4_19757_5962_group1,246,4
19858,6041,E4_19858_6041_group1,250,4
20108,6013,E4_20108_6013_group1,249,5
20137,5832,E4_20137_5832_group1,249,2
20307,5962,E4_20307_5962_group1,251,2
20412,5882,E4_20412_5882_group1,252,2
20471,5832,E4_20471_5832_group1,252,3
20611,5962,E4_20611_5962_group1,254,10
20630,6091,E4_20630_6091_group1,254,2
20697,6121,E4_20697_6121_group1,255,2
20719,3663,E4_20719_3663_group1,256,2
20724,6013,E4_20724_6013_group1,255,8
20874,6142,E4_20874_6142_group1,256,2
20909,6185,E4_20909_6185_group1,258,8
20929,6091,E4_20929_6091_group1,257,2
21177,6197,E4_21177_6197_group1,259,3
21291,5516,E4_21291_5516_group1,260,2
21347,5715,E4_21347_5715_group1,261,5
21511,6272,E4_21511_6272_group1,263,2
21553,6292,E4_21553_6292_group1,263,3
21564,6091,E4_21564_6091_group1,263,4
21593,6197,E4_21593_6197_group1,263,2
21645,6236,E4_21645_6236_group1,264,4
21654,6013,E4_21654_6013_group1,264,4
21692,6138,E4_21692_6138_group1,264,2
21832,5925,E4_21832_5925_group1,266,2
21922,6185,E4_21922_6185_group1,267,6
21932,5715,E4_21932_5715_group1,267,3
22129,6013,E4_22129_6013_group1,269,3
22183,6395,E4_22183_6395_group1,270,2
22202,6531,E4_22202_6531_group1,273,3
22225,6236,E4_22225_6236_group1,270,5
22630,6185,E4_22630_6185_group1,274,2
23004,6185,E4_23004_6185_group1,277,2
23046,6359,E4_23046_6359_group1,277,3
23046,6713,E4_23046_6713_group1,283,2
23046,6778,E4_23046_6778_group1,287,4
23046,6864,E4_23046_6864_group1,292,2
23096,6491,E4_23096_6491_group1,278,3
23105,6013,E4_23105_6013_group1,278,3
23197,6615,E4_23197_6615_group1,279,4
23290,6185,E4_23290_6185_group1,280,21
23298,6236,E4_23298_6236_group1,280,4
23472,6452,E4_23472_6452_group1,282,2
23494,6013,E4_23494_6013_group1,282,2
24112,6604,E4_24112_6604_group1,288,4
24377,6452,E4_24377_6452_group1,291,2
24491,6884,E4_24491_6884_group1,294,4
24677,6623,E4_24677_6623_group1,295,2
24696,6452,E4_24696_6452_group1,294,7
24713,6236,E4_24713_6236_group1,294,3
25295,6236,E4_25295_6236_group1,299,2
2619,1652,E4_2619_1652_group1,1,2
2622,1017,E4_2622_1017_group1,1,4
2935,1017,E4_2935_1017_group1,8,3
3085,1962,E4_3085_1962_group1,15,3
3362,2000,E4_3362_2000_group1,17,2
3579,2036,E4_3579_2036_group1,22,2
3830,1770,E4_3830_1770_group1,26,2
4278,2371,E4_4278_2371_group1,38,7
4421,2299,E4_4421_2299_group1,38,3
4771,2473,E4_4771_2473_group1,45,2
4920,2601,E4_4920_2601_group1,51,2
5172,2612,E4_5172_2612_group1,51,2
5210,2616,E4_5210_2616_group1,52,3
6425,2913,E4_6425_2913_group1,73,2
6526,3085,E4_6526_3085_group1,80,2
7105,3142,E4_7105_3142_group1,84,2
7380,3185,E4_7380_3185_group1,88,3
7602,3270,E4_7602_3270_group1,92,4
7612,3185,E4_7612_3185_group1,92,2
8101,3305,E4_8101_3305_group1,99,2
8181,3379,E4_8181_3379_group1,100,3
8299,3372,E4_8299_3372_group1,101,2
8447,3447,E4_8447_3447_group1,104,2
8753,3411,E4_8753_3411_group1,108,2
8893,3575,E4_8893_3575_group1,111,3
8945,3411,E4_8945_3411_group1,111,2
9127,3411,E4_9127_3411_group1,114,5
9554,3411,E4_9554_3411_group1,120,2
9576,3616,E4_9576_3616_group1,121,2
9756,3411,E4_9756_3411_group1,123,2
9770,3616,E4_9770_3616_group1,124,2
10516,2618,E5_10516_2618_group1,105,2
10769,2720,E5_10769_2720_group1,108,5
10997,2759,E5_10997_2759_group1,110,2
11497,2816,E5_11497_2816_group1,115,2
12121,2871,E5_12121_2871_group1,121,2
12253,2894,E5_12253_2894_group1,122,2
12769,2957,E5_12769_2957_group1,127,2
12912,2991,E5_12912_2991_group1,129,11
13080,2995,E5_13080_2995_group1,130,4
13566,3029,E5_13566_3029_group1,136,2
13753,3158,E5_13753_3158_group1,140,3
13852,3137,E5_13852_3137_group1,139,2
13989,2991,E5_13989_2991_group1,141,21
14413,3224,E5_14413_3224_group1,145,9
14413,3372,E5_14413_3372_group1,157,3
14413,3440,E5_14413_3440_group1,162,3
14431,3177,E5_14431_3177_group1,145,2
14841,1672,E5_14841_1672_group1,149,2
14882,3254,E5_14882_3254_group1,151,2
15050,3138,E5_15050_3138_group1,151,2
15088,1271,E5_15088_1271_group1,151,3
15185,4349,E5_15185_4349_group1,227,2
15204,3298,E5_15204_3298_group1,153,9
15265,3177,E5_15265_3177_group1,153,3
15292,3303,E5_15292_3303_group1,154,3
15612,3177,E5_15612_3177_group1,157,3
15689,3356,E5_15689_3356_group1,158,5
15733,2919,E5_15733_2919_group1,159,3
16116,2991,E5_16116_2991_group1,163,2
16194,3458,E5_16194_3458_group1,164,5
16263,3177,E5_16263_3177_group1,164,2
16271,1672,E5_16271_1672_group1,165,2
16692,3531,E5_16692_3531_group1,169,2
16692,3562,E5_16692_3562_group1,172,2
16692,3652,E5_16692_3652_group1,178,2
16880,3356,E5_16880_3356_group1,171,6
17172,3494,E5_17172_3494_group1,174,2
17214,3458,E5_17214_3458_group1,175,4
17363,3614,E5_17363_3614_group1,176,2
17989,3693,E5_17989_3693_group1,183,13
18047,3780,E5_18047_3780_group1,188,9
18149,3699,E5_18149_3699_group1,184,3
18197,3760,E5_18197_3760_group1,186,9
18197,3873,E5_18197_3873_group1,195,8
18458,3755,E5_18458_3755_group1,187,2
18458,3809,E5_18458_3809_group1,190,2
18494,3758,E5_18494_3758_group1,188,2
18677,3807,E5_18677_3807_group1,190,2
18973,3642,E5_18973_3642_group1,192,2
19047,3789,E5_19047_3789_group1,192,2
19166,3289,E5_19166_3289_group1,195,15
19815,3177,E5_19815_3177_group1,199,8
19898,3898,E5_19898_3898_group1,200,3
20042,3938,E5_20042_3938_group1,202,2
20098,3979,E5_20098_3979_group1,202,2
20145,3958,E5_20145_3958_group1,203,2
20182,3960,E5_20182_3960_group1,203,4
20239,3873,E5_20239_3873_group1,204,2
20295,3898,E5_20295_3898_group1,204,2
20573,3937,E5_20573_3937_group1,207,2
20729,3177,E5_20729_3177_group1,208,4
20773,3975,E5_20773_3975_group1,209,3
20878,3937,E5_20878_3937_group1,210,5
20941,4116,E5_20941_4116_group1,212,3
20941,4176,E5_20941_4176_group1,216,2
20982,3957,E5_20982_3957_group1,210,4
21164,4077,E5_21164_4077_group1,212,57
21225,3873,E5_21225_3873_group1,213,4
21301,3177,E5_21301_3177_group1,213,4
21440,3975,E5_21440_3975_group1,215,2
21687,3898,E5_21687_3898_group1,217,2
21738,4127,E5_21738_4127_group1,219,2
21985,3177,E5_21985_3177_group1,219,3
22551,4286,E5_22551_4286_group1,224,11
22608,3905,E5_22608_3905_group1,225,7
22689,3177,E5_22689_3177_group1,225,2
23271,4265,E5_23271_4265_group1,230,6
23516,3905,E5_23516_3905_group1,233,2
23603,3177,E5_23603_3177_group1,233,7
23748,4458,E5_23748_4458_group1,235,13
23858,4414,E5_23858_4414_group1,236,2
23926,3277,E5_23926_3277_group1,236,2
24083,4265,E5_24083_4265_group1,237,2
24204,4384,E5_24204_4384_group1,239,3
24507,4524,E5_24507_4524_group1,240,2
24722,3277,E5_24722_3277_group1,242,6
25321,4607,E5_25321_4607_group1,247,2
25331,3277,E5_25331_3277_group1,248,2
25489,4630,E5_25489_4630_group1,249,2
25641,4673,E5_25641_4673_group1,251,2
26010,3277,E5_26010_3277_group1,252,15
26061,4690,E5_26061_4690_group1,253,7
26085,4667,E5_26085_4667_group1,253,6
26227,4630,E5_26227_4630_group1,254,2
26542,4760,E5_26542_4760_group1,258,4
26562,4693,E5_26562_4693_group1,257,3
26591,4630,E5_26591_4630_group1,257,2
26836,4732,E5_26836_4732_group1,259,2
26881,4874,E5_26881_4874_group1,264,26
26881,5330,E5_26881_5330_group1,295,5
26997,4690,E5_26997_4690_group1,261,2
27021,4752,E5_27021_4752_group1,261,6
27126,4693,E5_27126_4693_group1,262,2
27182,4732,E5_27182_4732_group1,262,3
27182,4909,E5_27182_4909_group1,266,5
27497,4760,E5_27497_4760_group1,265,2
27499,4854,E5_27499_4854_group1,265,2
27609,4867,E5_27609_4867_group1,265,2
27617,4598,E5_27617_4598_group1,267,2
27676,4870,E5_27676_4870_group1,266,3
27782,4912,E5_27782_4912_group1,267,3
27789,4862,E5_27789_4862_group1,267,3
27938,4933,E5_27938_4933_group1,268,4
27938,4989,E5_27938_4989_group1,272,2
27985,4928,E5_27985_4928_group1,268,2
28023,4867,E5_28023_4867_group1,268,3
28103,3277,E5_28103_3277_group1,269,11
28149,4598,E5_28149_4598_group1,270,3
28152,4921,E5_28152_4921_group1,270,2
28152,4997,E5_28152_4997_group1,273,3
28219,4077,E5_28219_4077_group1,270,12
28406,5053,E5_28406_5053_group1,278,2
28503,4991,E5_28503_4991_group1,273,3
28867,5011,E5_28867_5011_group1,275,3
28867,5070,E5_28867_5070_group1,279,3
29471,5109,E5_29471_5109_group1,283,4
29472,5109,E5_29472_5109_group1,281,2
29748,5123,E5_29748_5123_group1,283,2
30062,4077,E5_30062_4077_group1,284,17
30225,5166,E5_30225_5166_group1,286,2
30351,5154,E5_30351_5154_group1,287,2
30408,5201,E5_30408_5201_group1,287,7
30472,5230,E5_30472_5230_group1,288,7
30480,5207,E5_30480_5207_group1,287,2
30480,5290,E5_30480_5290_group1,292,2
30727,5220,E5_30727_5220_group1,289,2
30890,5208,E5_30890_5208_group1,290,2
31155,5339,E5_31155_5339_group1,299,2
31233,5305,E5_31233_5305_group1,293,7
31409,5339,E5_31409_5339_group1,295,3
31706,5359,E5_31706_5359_group1,297,2
31714,5199,E5_31714_5199_group1,297,3
31975,5388,E5_31975_5388_group1,299,2
3637,1296,E5_3637_1296_group1,12,3
3874,1296,E5_3874_1296_group1,16,2
4004,560,E5_4004_560_group1,18,2
4100,1580,E5_4100_1580_group1,20,5
4101,1296,E5_4101_1296_group1,20,2
4136,1145,E5_4136_1145_group1,20,3
4362,1296,E5_4362_1296_group1,25,4
4387,1632,E5_4387_1632_group1,25,2
4395,1653,E5_4395_1653_group1,26,2
4521,1653,E5_4521_1653_group1,28,2
4628,1580,E5_4628_1580_group1,29,2
4711,1296,E5_4711_1296_group1,30,2
4726,1689,E5_4726_1689_group1,30,2
4852,1761,E5_4852_1761_group1,33,2
5030,1580,E5_5030_1580_group1,36,2
5032,1798,E5_5032_1798_group1,36,50
5032,2504,E5_5032_2504_group1,87,5
5145,1837,E5_5145_1837_group1,39,5
5145,1945,E5_5145_1945_group1,47,6
5158,1800,E5_5158_1800_group1,38,5
5321,1580,E5_5321_1580_group1,41,11
5445,1904,E5_5445_1904_group1,44,24
6130,1580,E5_6130_1580_group1,53,7
6148,1988,E5_6148_1988_group1,53,5
6258,2067,E5_6258_2067_group1,56,2
6677,2064,E5_6677_2064_group1,60,2
6682,2098,E5_6682_2098_group1,60,2
6830,2195,E5_6830_2195_group1,65,3
6850,2113,E5_6850_2113_group1,63,4
7459,2266,E5_7459_2266_group1,70,18
8631,2468,E5_8631_2468_group1,84,34
8781,2493,E5_8781_2493_group1,86,29
8945,2551,E5_8945_2551_group1,91,3
9709,2551,E5_9709_2551_group1,96,5
10081,2848,E6_10081_2848_group1,119,3
10084,2652,E6_10084_2652_group1,118,4
10095,257,E6_10095_257_group1,119,2
10114,2866,E6_10114_2866_group1,121,2
10248,2641,E6_10248_2641_group1,120,5
10305,2870,E6_10305_2870_group1,121,2
10593,2652,E6_10593_2652_group1,125,44
10610,2209,E6_10610_2209_group1,125,2
10684,3031,E6_10684_3031_group1,132,4
10684,3186,E6_10684_3186_group1,144,2
10684,3256,E6_10684_3256_group1,150,10
10684,3395,E6_10684_3395_group1,161,12
10684,3809,E6_10684_3809_group1,197,3
10684,3850,E6_10684_3850_group1,201,5
10684,3998,E6_10684_3998_group1,213,2
10684,4055,E6_10684_4055_group1,218,8
10685,2954,E6_10685_2954_group1,128,13
11160,3009,E6_11160_3009_group1,133,4
11458,2844,E6_11458_2844_group1,137,2
11485,2209,E6_11485_2209_group1,137,2
11583,3009,E6_11583_3009_group1,138,5
11705,3162,E6_11705_3162_group1,142,2
11710,2209,E6_11710_2209_group1,140,24
11848,3137,E6_11848_3137_group1,142,2
12006,3179,E6_12006_3179_group1,144,6
12252,3162,E6_12252_3162_group1,147,2
12296,3229,E6_12296_3229_group1,148,13
12510,3162,E6_12510_3162_group1,150,4
12510,3313,E6_12510_3313_group1,155,3
12751,3255,E6_12751_3255_group1,153,2
12887,2546,E6_12887_2546_group1,155,2
12890,2546,E6_12890_2546_group1,155,2
13077,3338,E6_13077_3338_group1,157,5
13152,3328,E6_13152_3328_group1,158,3
13253,4229,E6_13253_4229_group1,231,2
13305,3338,E6_13305_3338_group1,163,5
13318,3381,E6_13318_3381_group1,160,2
13472,2413,E6_13472_2413_group1,162,2
13639,3255,E6_13639_3255_group1,164,3
13732,3328,E6_13732_3328_group1,165,2
13736,2413,E6_13736_2413_group1,165,3
13756,2209,E6_13756_2209_group1,165,5
13949,3480,E6_13949_3480_group1,168,3
14029,3506,E6_14029_3506_group1,169,20
14044,3255,E6_14044_3255_group1,169,2
14166,2652,E6_14166_2652_group1,170,7
14212,2209,E6_14212_2209_group1,171,3
14224,3485,E6_14224_3485_group1,171,6
14412,3480,E6_14412_3480_group1,173,6
14593,3558,E6_14593_3558_group1,175,6
14770,2209,E6_14770_2209_group1,177,13
14942,2652,E6_14942_2652_group1,179,4
15206,3558,E6_15206_3558_group1,182,2
15259,3631,E6_15259_3631_group1,183,2
15401,2652,E6_15401_2652_group1,184,8
15460,3634,E6_15460_3634_group1,185,4
15499,3688,E6_15499_3688_group1,186,2
15662,3708,E6_15662_3708_group1,188,3
15667,3711,E6_15667_3711_group1,188,3
15760,3538,E6_15760_3538_group1,189,8
15867,3631,E6_15867_3631_group1,190,3
15983,3618,E6_15983_3618_group1,191,9
16002,3711,E6_16002_3711_group1,192,8
16037,3485,E6_16037_3485_group1,192,19
16181,2652,E6_16181_2652_group1,193,2
16199,3776,E6_16199_3776_group1,194,2
16216,3743,E6_16216_3743_group1,194,2
16270,3824,E6_16270_3824_group1,199,4
16293,3631,E6_16293_3631_group1,195,19
16421,3790,E6_16421_3790_group1,196,3
16433,2652,E6_16433_2652_group1,196,2
16657,3744,E6_16657_3744_group1,199,3
16700,3538,E6_16700_3538_group1,200,2
16700,3881,E6_16700_3881_group1,204,9
16700,4037,E6_16700_4037_group1,217,8
16846,3790,E6_16846_3790_group1,201,8
16850,3618,E6_16850_3618_group1,201,2
16860,2652,E6_16860_2652_group1,201,18
16923,2209,E6_16923_2209_group1,202,10
16974,3871,E6_16974_3871_group1,203,10
17074,3744,E6_17074_3744_group2,211,2
17286,3744,E6_17286_3744_group1,206,2
17420,3848,E6_17420_3848_group1,208,2
17578,3744,E6_17578_3744_group1,209,4
17610,3711,E6_17610_3711_group1,210,4
17696,3790,E6_17696_3790_group1,210,9
17716,3824,E6_17716_3824_group1,211,7
17869,3485,E6_17869_3485_group1,212,7
18057,3711,E6_18057_3711_group1,215,3
18076,3631,E6_18076_3631_group1,215,18
18128,3618,E6_18128_3618_group1,215,2
18130,3993,E6_18130_3993_group1,215,3
18194,3744,E6_18194_3744_group1,216,3
18359,3871,E6_18359_3871_group1,218,3
18390,3664,E6_18390_3664_group1,218,2
18394,3824,E6_18394_3824_group1,219,5
18404,3711,E6_18404_3711_group1,219,2
18500,2652,E6_18500_2652_group1,219,21
18561,3744,E6_18561_3744_group1,220,2
18644,3982,E6_18644_3982_group1,221,9
18663,3790,E6_18663_3790_group1,221,4
18708,3711,E6_18708_3711_group1,222,3
18809,3485,E6_18809_3485_group1,223,9
18925,4110,E6_18925_4110_group1,224,3
18982,4109,E6_18982_4109_group1,225,5
19099,3744,E6_19099_3744_group1,226,2
19194,4166,E6_19194_4166_group1,227,2
19225,3993,E6_19225_3993_group1,227,2
19312,4173,E6_19312_4173_group1,228,3
19394,4158,E6_19394_4158_group1,229,4
19423,3848,E6_19423_3848_group1,230,3
19447,4225,E6_19447_4225_group1,231,3
19447,4292,E6_19447_4292_group1,235,4
19447,4523,E6_19447_4523_group1,251,2
19447,4617,E6_19447_4617_group1,257,3
19447,4751,E6_19447_4751_group1,266,4
19447,4947,E6_19447_4947_group1,279,3
19475,3744,E6_19475_3744_group1,230,3
19757,4239,E6_19757_4239_group1,232,2
19872,4243,E6_19872_4243_group1,233,4
19880,3993,E6_19880_3993_group1,233,3
20022,3485,E6_20022_3485_group1,235,12
20084,4346,E6_20084_4346_group1,239,2
20084,4401,E6_20084_4401_group1,243,2
20084,4488,E6_20084_4488_group1,248,2
20112,4305,E6_20112_4305_group1,236,4
20231,3993,E6_20231_3993_group1,237,15
20425,4243,E6_20425_4243_group1,239,21
20426,4333,E6_20426_4333_group1,239,4
20524,4449,E6_20524_4449_group1,246,2
20534,4230,E6_20534_4230_group1,240,3
20772,4363,E6_20772_4363_group1,243,2
20931,3744,E6_20931_3744_group1,244,3
20944,4333,E6_20944_4333_group1,244,4
20951,4230,E6_20951_4230_group1,244,2
20958,2652,E6_20958_2652_group1,244,5
21076,4443,E6_21076_4443_group1,245,2
21350,4535,E6_21350_4535_group1,252,2
21408,3485,E6_21408_3485_group1,248,3
21439,4230,E6_21439_4230_group1,248,3
21459,4485,E6_21459_4485_group1,249,6
21489,4148,E6_21489_4148_group1,249,2
21540,4333,E6_21540_4333_group1,249,4
21637,4494,E6_21637_4494_group1,250,2
21675,2652,E6_21675_2652_group1,250,18
21737,4469,E6_21737_4469_group1,251,5
21809,4565,E6_21809_4565_group1,253,2
21869,3485,E6_21869_3485_group1,252,3
22003,3744,E6_22003_3744_group1,253,4
22220,4465,E6_22220_4465_group1,255,2
22314,4585,E6_22314_4585_group1,256,2
22314,4641,E6_22314_4641_group1,259,2
22469,4606,E6_22469_4606_group1,256,18
22469,4873,E6_22469_4873_group1,275,17
22469,5149,E6_22469_5149_group1,294,5
22626,3485,E6_22626_3485_group1,258,2
22898,4656,E6_22898_4656_group1,261,2
22920,4714,E6_22920_4714_group1,264,3
22960,4651,E6_22960_4651_group1,261,9
22975,4243,E6_22975_4243_group1,261,14
23051,3485,E6_23051_3485_group1,262,30
23333,4688,E6_23333_4688_group1,265,3
23423,4465,E6_23423_4465_group1,266,2
23434,4724,E6_23434_4724_group1,266,2
23438,4708,E6_23438_4708_group1,266,2
23549,4704,E6_23549_4704_group1,267,3
23752,4688,E6_23752_4688_group1,269,2
23973,4651,E6_23973_4651_group1,271,30
24053,4688,E6_24053_4688_group1,272,3
24105,2652,E6_24105_2652_group1,272,18
24159,4465,E6_24159_4465_group1,273,11
24282,4860,E6_24282_4860_group1,274,4
24362,4587,E6_24362_4587_group1,276,2
24425,4788,E6_24425_4788_group1,276,3
24562,4934,E6_24562_4934_group1,278,2
24671,4907,E6_24671_4907_group1,278,2
24744,4932,E6_24744_4932_group1,278,3
24949,4956,E6_24949_4956_group1,280,5
25184,4989,E6_25184_4989_group1,282,2
25203,4788,E6_25203_4788_group1,283,2
25247,4993,E6_25247_4993_group1,283,2
25302,5037,E6_25302_5037_group1,287,3
25728,4989,E6_25728_4989_group1,286,4
25850,5061,E6_25850_5061_group1,289,3
25942,5003,E6_25942_5003_group1,288,4
26058,4910,E6_26058_4910_group1,289,6
26146,5073,E6_26146_5073_group1,290,3
26309,5140,E6_26309_5140_group1,293,3
26463,5081,E6_26463_5081_group1,292,2
26750,5142,E6_26750_5142_group1,294,4
26762,2652,E6_26762_2652_group1,294,2
26904,5073,E6_26904_5073_group1,296,5
26949,4910,E6_26949_4910_group1,296,5
27108,5220,E6_27108_5220_group1,297,4
27265,5238,E6_27265_5238_group1,299,2
27382,5142,E6_27382_5142_group1,299,2
2977,1138,E6_2977_1138_group1,4,3
3216,1220,E6_3216_1220_group1,9,4
3567,1220,E6_3567_1220_group1,16,3
3596,1090,E6_3596_1090_group1,16,3
3794,1090,E6_3794_1090_group1,20,7
4061,1400,E6_4061_1400_group1,26,2
4293,1090,E6_4293_1090_group1,29,14
4350,1550,E6_4350_1550_group1,30,3
4538,1610,E6_4538_1610_group1,35,4
4576,1512,E6_4576_1512_group1,35,3
4725,1645,E6_4725_1645_group1,38,2
4836,1680,E6_4836_1680_group1,41,3
4976,1442,E6_4976_1442_group1,44,2
4999,1090,E6_4999_1090_group1,44,5
5141,1680,E6_5141_1680_group1,47,2
5264,1874,E6_5264_1874_group1,52,2
5272,1914,E6_5272_1914_group1,54,2
5293,1827,E6_5293_1827_group1,50,3
5293,1910,E6_5293_1910_group1,54,4
5415,1997,E6_5415_1997_group1,60,2
5445,1521,E6_5445_1521_group1,53,8
5457,1442,E6_5457_1442_group1,53,3
5796,1951,E6_5796_1951_group1,59,2
6073,1997,E6_6073_1997_group1,63,4
6278,2098,E6_6278_2098_group1,67,3
6510,2105,E6_6510_2105_group1,70,2
6567,1934,E6_6567_1934_group1,70,2
6600,2147,E6_6600_2147_group1,70,2
6817,2147,E6_6817_2147_group1,73,6
6861,2156,E6_6861_2156_group1,74,5
7196,2257,E6_7196_2257_group1,78,28
7374,2147,E6_7374_2147_group1,81,4
7411,2210,E6_7411_2210_group1,81,3
7545,2344,E6_7545_2344_group1,84,6
7545,2467,E6_7545_2467_group1,93,4
7545,2610,E6_7545_2610_group1,102,2
7545,2641,E6_7545_2641_group1,105,14
7710,2147,E6_7710_2147_group1,86,19
7731,2364,E6_7731_2364_group1,86,5
7821,2378,E6_7821_2378_group1,87,2
8335,2445,E6_8335_2445_group1,94,2
8833,2531,E6_8833_2531_group1,101,4
9801,2814,E6_9801_2814_group1,117,2
9893,2777,E6_9893_2777_group1,116,2
9935,2803,E6_9935_2803_group1,116,2
